leg_id,full_name,first_name,middle_name,last_name,suffixes,nickname,active,state,chamber,district,party,photo_url,created_at,updated_at
AZL000001,Paula Aboud,Paula,,Aboud,,,False,az,,,,http://www.azleg.gov/alisImages/MemberPhotos/50leg/Senate/ABOUD.gif,2011-01-21 19:37:19.560000,2013-01-15 15:54:45.927000
AZL000002,Kyrsten Sinema,Kyrsten,,Sinema,,,False,az,,,,http://www.azleg.gov/alisImages/MemberPhotos/50leg/Senate/SINEMA.gif,2011-01-21 19:37:19.562000,2011-01-21 19:37:19.833000
AZL000003,Carolyn S. Allen,Carolyn,S.,Allen,,,False,az,,,,http://www.azleg.gov/alisImages/MemberPhotos/49leg/Senate/ALLEN_C.gif,2011-01-21 19:37:19.564000,2011-01-21 19:37:19.839000
AZL000005,Manuel V. Alvarez,Manuel,V.,Alvarez,,Manny,False,az,,,,http://www.azleg.gov/alisImages/MemberPhotos/48leg/House/ALVAREZ.gif,2011-01-21 19:37:19.568000,2011-01-21 19:37:19.833000
AZL000006,Frank Antenori,Frank,,Antenori,,,False,az,,,,http://www.azleg.gov/alisImages/MemberPhotos/49leg/House/ANTENORI.gif,2011-01-21 19:37:19.570000,2013-01-15 16:01:27.115000
AZL000007,David Braswell,David,,Braswell,,,False,az,,,,http://www.azleg.gov/alisImages/MemberPhotos/49leg/Senate/BRASWELL.gif,2011-01-21 19:37:19.572000,2011-01-21 19:37:19.838000
AZL000008,Ed Bunch,Ed,,Bunch,,,False,az,,,,http://www.azleg.gov/alisImages/MemberPhotos/49leg/Senate/BUNCH.gif,2011-01-21 19:37:19.574000,2011-01-21 19:37:19.839000
AZL000009,Robert Burns,Robert,,Burns,,Bob,False,az,,,,http://www.azleg.gov/alisImages/MemberPhotos/48leg/Senate/BURNS.gif,2011-01-21 19:37:19.576000,2011-01-21 19:37:19.840000
AZL000010,Meg Burton Cahill,Meg Burton,,Cahill,,,False,az,,,,http://www.azleg.gov/alisImages/MemberPhotos/49leg/Senate/BURTON_CAHILL.gif,2011-01-21 19:37:19.578000,2011-01-21 19:37:19.830000
AZL000011,Ken Cheuvront,Ken,,Cheuvront,,,False,az,,,,http://www.azleg.gov/alisImages/MemberPhotos/49leg/Senate/CHEUVRONT.gif,2011-01-21 19:37:19.580000,2011-01-21 19:37:19.829000
AZL000012,Jorge Luis Garcia,Jorge Luis,,Garcia,,,False,az,,,,http://www.azleg.gov/alisImages/MemberPhotos/49leg/Senate/GARCIA.gif,2011-01-21 19:37:19.582000,2011-01-21 19:37:19.835000
AZL000013,Maria Garcia,Maria,,Garcia,,,False,az,,,,,2011-01-21 19:37:19.584000,2011-01-21 19:37:19.834000
AZL000014,Pamela Gorman,Pamela,,Gorman,,,False,az,,,,http://www.azleg.gov/alisImages/MemberPhotos/48leg/Senate/GORMAN.gif,2011-01-21 19:37:19.586000,2011-01-21 19:37:19.838000
AZL000015,Ron Gould,Ron,,Gould,,,False,az,,,,http://www.azleg.gov/alisImages/MemberPhotos/50leg/Senate/GOULD.gif,2011-01-21 19:37:19.588000,2013-01-15 15:50:51.313000
AZL000016,Chuck Gray,Chuck,,Gray,,,False,az,,,,http://www.azleg.gov/alisImages/MemberPhotos/49leg/Senate/GRAY_C.gif,2011-01-21 19:37:19.590000,2011-01-21 19:37:19.831000
AZL000017,Linda Gray,Linda,,Gray,,,False,az,,,,http://www.azleg.gov/alisImages/MemberPhotos/50leg/Senate/GRAY.gif,2011-01-21 19:37:19.591000,2013-01-15 15:51:48.989000
AZL000018,Albert Hale,Albert,,Hale,,,False,az,,,,http://www.azleg.gov/alisImages/MemberPhotos/50leg/House/HALE.gif,2011-01-21 19:37:19.593000,2017-01-14 07:31:14.816000
AZL000019,Jack Harper,Jack,,Harper,,,False,az,,,,http://www.azleg.gov/alisImages/MemberPhotos/50leg/House/HARPER.gif,2011-01-21 19:37:19.595000,2013-01-15 16:15:31.556000
AZL000020,John Huppenthal,John,,Huppenthal,,,False,az,,,,http://www.azleg.gov/alisImages/MemberPhotos/49leg/Senate/HUPPENTHAL.gif,2011-01-21 19:37:19.597000,2011-01-21 19:37:19.831000
AZL000021,Leah Landrum Taylor,Leah,,Landrum Taylor,,,False,az,,,,http://www.azleg.gov/alisImages/MemberPhotos/50leg/Senate/LANDRUM_TAYLOR.gif,2011-01-21 19:37:19.599000,2015-01-12 23:20:35.708000
AZL000022,Barbara Leff,Barbara,,Leff,,,False,az,,,,http://www.azleg.gov/alisImages/MemberPhotos/49leg/Senate/LEFF.gif,2011-01-21 19:37:19.601000,2011-01-21 19:37:19.827000
AZL000023,Linda Lopez,Linda,,Lopez,,,False,az,,,,http://www.azleg.gov/alisImages/MemberPhotos/50leg/Senate/LOPEZ.gif,2011-01-21 19:37:19.603000,2014-01-28 14:44:13.614000
AZL000024,Debbie McCune Davis,Debbie,,McCune Davis,,,False,az,,,,http://www.azleg.gov/alisImages/MemberPhotos/50leg/House/MCCUNE_DAVIS.gif,2011-01-21 19:37:19.605000,2017-01-14 07:31:14.832000
AZL000025,Al Melvin,Al,,Melvin,,,False,az,,,,http://www.azleg.gov/alisImages/MemberPhotos/50leg/Senate/MELVIN.gif,2011-01-21 19:37:19.607000,2015-01-12 23:20:35.697000
AZL000026,Richard Miranda,Richard,,Miranda,,,False,az,,,,http://www.azleg.gov/alisImages/MemberPhotos/48leg/Senate/MIRANDA.gif,2011-01-21 19:37:19.609000,2012-06-01 18:33:18.020000
AZL000027,John Nelson,John,,Nelson,,,False,az,,,,http://www.azleg.gov/alisImages/MemberPhotos/50leg/Senate/NELSON.gif,2011-01-21 19:37:19.611000,2013-01-16 15:40:36.689000
AZL000028,Jonathan Paton,Jonathan,,Paton,,,False,az,,,,http://www.azleg.gov/alisImages/MemberPhotos/48leg/House/PATON.gif,2011-01-21 19:37:19.613000,2011-01-21 19:37:19.836000
AZL000029,Russell Pearce,Russell,,Pearce,,,False,az,,,,http://www.azleg.gov/alisImages/MemberPhotos/50leg/Senate/PEARCE_R.gif,2011-01-21 19:37:19.614000,2012-06-01 18:32:38.842000
AZL000030,Steve Pierce,Steve,,Pierce,,,False,az,,,,http://www.azleg.gov/alisImages/MemberPhotos/50leg/Senate/PIERCE_S.gif,2011-01-21 19:37:19.616000,2017-01-14 07:31:14.901000
AZL000032,Jay Tibshraeny,Jay,,Tibshraeny,,,False,az,,,,http://www.azleg.gov/alisImages/MemberPhotos/49leg/Senate/TIBSHRAENY.gif,2011-01-21 19:37:19.620000,2011-01-21 19:37:19.832000
AZL000033,Thayer Verschoor,Thayer,,Verschoor,,,False,az,,,,http://www.azleg.gov/alisImages/MemberPhotos/49leg/Senate/VERSCHOOR.gif,2011-01-21 19:37:19.622000,2011-01-21 19:37:19.832000
AZL000034,Jim Waring,Jim,,Waring,,,False,az,,,,http://www.azleg.gov/alisImages/MemberPhotos/48leg/Senate/WARING.gif,2011-01-21 19:37:19.624000,2011-01-21 19:37:19.839000
AZL000035,Edward Ableser,Edward,,Ableser,,,False,az,,,,http://www.azleg.gov/alisImages/MemberPhotos/50leg/House/ABLESER.gif,2011-01-21 19:37:19.626000,2015-11-30 22:27:38.268000
AZL000036,Kirk D Adams,Kirk,D,Adams,,,False,az,,,,http://www.azleg.gov/alisImages/MemberPhotos/50leg/House/ADAMS.gif,2011-01-21 19:37:19.628000,2011-01-21 19:37:19.799000
AZL000038,Cecil P Ash,Cecil,P,Ash,,,False,az,,,,http://www.azleg.gov/alisImages/MemberPhotos/50leg/House/ASH.gif,2011-01-21 19:37:19.632000,2013-01-15 16:20:43.958000
AZL000039,Ray Barnes,Ray,,Barnes,,,False,az,,,,http://www.azleg.gov/alisImages/MemberPhotos/48leg/House/BARNES.gif,2011-01-21 19:37:19.634000,2011-01-21 19:37:19.824000
AZL000041,Andy Biggs,Andy,,Biggs,,,False,az,,,,http://www.azleg.gov/alisImages/MemberPhotos/50leg/Senate/BIGGS.gif,2011-01-21 19:37:19.653000,2017-01-14 07:31:14.893000
AZL000042,Tom Boone,Tom,,Boone,,,False,az,,,,http://www.azleg.gov/alisImages/MemberPhotos/48leg/House/BOONE.gif,2011-01-21 19:37:19.655000,2011-01-21 19:37:19.821000
AZL000044,Jack A. Brown,Jack,A.,Brown,,,False,az,,,,http://www.azleg.gov/alisImages/MemberPhotos/48leg/House/BROWN.gif,2011-01-21 19:37:19.659000,2011-01-21 19:37:19.822000
AZL000047,Chad Campbell,Chad,,Campbell,,,False,az,,,,http://www.azleg.gov/alisImages/MemberPhotos/50leg/House/CAMPBELL.gif,2011-01-21 19:37:19.664000,2015-01-12 23:20:35.655000
AZL000048,Cloves C. Campbell Jr.,Cloves,C.,Campbell,Jr.,,False,az,,,,http://www.azleg.gov/alisImages/MemberPhotos/49leg/House/CAMPBELL_CL.gif,2011-01-21 19:37:19.666000,2011-01-21 19:37:19.796000
AZL000049,Tom Chabin,Tom,,Chabin,,,False,az,,,,http://www.azleg.gov/alisImages/MemberPhotos/50leg/House/CHABIN.gif,2011-01-21 19:37:19.669000,2013-01-15 16:11:56.567000
AZL000050,Steve Court,Steve,,Court,,,False,az,,,,http://www.azleg.gov/alisImages/MemberPhotos/49leg/House/COURT.gif,2011-01-21 19:37:19.671000,2013-01-15 16:20:41.587000
AZL000051,Rich Crandall,Rich,,Crandall,,,False,az,,,,http://www.azleg.gov/alisImages/MemberPhotos/50leg/Senate/CRANDALL.gif,2011-01-21 19:37:19.673000,2013-09-17 16:20:57.936000
AZL000052,Sam Crump,Sam,,Crump,,,False,az,,,,http://www.azleg.gov/alisImages/MemberPhotos/48leg/House/CRUMP.gif,2011-01-21 19:37:19.675000,2011-01-21 19:37:19.824000
AZL000053,Christopher Deschene,Christopher,,Deschene,,,False,az,,,,http://www.azleg.gov/alisImages/MemberPhotos/49leg/House/DESCHENE.gif,2011-01-21 19:37:19.677000,2011-01-21 19:37:19.799000
AZL000054,Adam Driggs,Adam,,Driggs,,,False,az,,,,http://www.azleg.gov/alisImages/MemberPhotos/50leg/Senate/DRIGGS.gif,2011-01-21 19:37:19.679000,2017-01-14 07:31:14.890000
AZL000056,Patricia V. Fleming,Patricia,V.,Fleming,,,False,az,,,,http://www.azleg.gov/alisImages/MemberPhotos/49leg/House/FLEMING.gif,2011-01-21 19:37:19.683000,2011-01-21 19:37:19.815000
AZL000057,Martha Garcia,Martha,,Garcia,,,False,az,,,,http://www.azleg.gov/alisImages/MemberPhotos/48leg/House/GARCIA_M.gif,2011-01-21 19:37:19.685000,2011-01-21 19:37:19.794000
AZL000058,Doris Goodale,Doris,,Goodale,,,False,az,,,,http://www.azleg.gov/alisImages/MemberPhotos/49leg/House/GOODALE.gif,2011-01-21 19:37:19.687000,2015-01-12 23:20:35.687000
AZL000059,David Gowan,David,,Gowan,,,False,az,,,,http://www.azleg.gov/alisImages/MemberPhotos/50leg/House/GOWAN.gif,2011-01-21 19:37:19.689000,2017-01-14 07:31:14.829000
AZL000060,Matt Heinz,Matt,,Heinz,,,False,az,,,,http://www.azleg.gov/alisImages/MemberPhotos/50leg/House/HEINZ.gif,2011-01-21 19:37:19.691000,2013-01-15 16:25:13.708000
AZL000061,Laurin Hendrix,Laurin,,Hendrix,,,False,az,,,,http://www.azleg.gov/alisImages/MemberPhotos/49leg/House/HENDRIX.gif,2011-01-21 19:37:19.693000,2011-01-21 19:37:19.802000
AZL000062,Russell Jones,Russell,,Jones,,,False,az,,,,http://www.azleg.gov/alisImages/MemberPhotos/50leg/House/JONES.gif,2011-01-21 19:37:19.695000,2013-01-15 16:33:20.931000
AZL000064,Bill Konopnicki,Bill,,Konopnicki,,,False,az,,,,http://www.azleg.gov/alisImages/MemberPhotos/48leg/House/KONOPNICKI.gif,2011-01-21 19:37:19.699000,2011-01-21 19:37:19.822000
AZL000066,Phil Lopes,Phil,,Lopes,,,False,az,,,,http://www.azleg.gov/alisImages/MemberPhotos/48leg/House/LOPES.gif,2011-01-21 19:37:19.702000,2011-01-21 19:37:19.816000
AZL000067,David Lujan,David,,Lujan,,,False,az,,,,http://www.azleg.gov/alisImages/MemberPhotos/50leg/Senate/LUJAN.gif,2011-01-21 19:37:19.704000,2013-01-15 15:54:40.067000
AZL000068,Lucy Mason,Lucy,,Mason,,,False,az,,,,http://www.azleg.gov/alisImages/MemberPhotos/48leg/House/MASON.gif,2011-01-21 19:37:19.706000,2011-01-21 19:37:19.789000
AZL000069,John McComish,John,,McComish,,,False,az,,,,http://www.azleg.gov/alisImages/MemberPhotos/50leg/Senate/MCCOMISH.gif,2011-01-21 19:37:19.708000,2015-01-12 23:20:35.700000
AZL000070,Barbara McGuire,Barbara,,McGuire,,,False,az,,,,http://www.azleg.gov/alisImages/MemberPhotos/52leg/Senate/MCGUIRE.gif,2011-01-21 19:37:19.710000,2017-01-14 07:31:14.894000
AZL000071,Nancy McLain,Nancy,,McLain,,,False,az,,,,http://www.azleg.gov/alisImages/MemberPhotos/50leg/House/MCLAIN.gif,2011-01-21 19:37:19.712000,2013-01-15 16:15:28.958000
AZL000072,Eric Meyer,Eric,,Meyer,,,False,az,,,,http://www.azleg.gov/alisImages/MemberPhotos/50leg/House/MEYER.gif,2011-01-21 19:37:19.715000,2017-01-14 07:31:14.836000
AZL000074,Ben R. Miranda,Ben R.,,Miranda,,,False,az,,,,http://www.azleg.gov/alisImages/MemberPhotos/48leg/House/MIRANDA_B.gif,2011-01-21 19:37:19.738000,2011-01-21 19:37:19.796000
AZL000075,Steve Montenegro,Steve,,Montenegro,,,False,az,,,,http://www.azleg.gov/alisImages/MemberPhotos/49leg/House/MONTENEGRO.gif,2011-01-21 19:37:19.740000,2017-01-14 07:31:14.887000
AZL000076,Rick Murphy,Rick,,Murphy,,,False,az,,,,http://www.azleg.gov/alisImages/MemberPhotos/50leg/Senate/MURPHY.gif,2011-01-21 19:37:19.744000,2015-01-12 23:20:35.704000
AZL000077,Warde V. Nichols,Warde,V.,Nichols,,,False,az,,,,http://www.azleg.gov/alisImages/MemberPhotos/48leg/House/NICHOLS.gif,2011-01-21 19:37:19.746000,2011-01-21 19:37:19.801000
AZL000078,Lynne Pancrazi,Lynne,,Pancrazi,,,False,az,,,,http://www.azleg.gov/alisImages/MemberPhotos/50leg/House/PANCRAZI.gif,2011-01-21 19:37:19.747000,2017-01-14 07:31:14.900000
AZL000079,Daniel Patterson,Daniel,,Patterson,,,False,az,,,,http://www.azleg.gov/alisImages/MemberPhotos/50leg/House/PATTERSON.gif,2011-01-21 19:37:19.750000,2012-06-01 18:34:25.916000
AZL000080,Frank Pratt,Frank,,Pratt,,,False,az,,,,http://www.azleg.gov/alisImages/MemberPhotos/50leg/House/PRATT.gif,2011-01-21 19:37:19.751000,2015-01-12 23:20:35.691000
AZL000081,Doug Quelland,Doug,,Quelland,,,False,az,,,,http://www.azleg.gov/alisImages/MemberPhotos/49leg/House/QUELLAND.gif,2011-01-21 19:37:19.753000,2011-01-21 19:37:19.791000
AZL000082,Michele Reagan,Michele,,Reagan,,,False,az,,,,http://www.azleg.gov/alisImages/MemberPhotos/50leg/Senate/REAGAN.gif,2011-01-21 19:37:19.755000,2015-01-12 23:20:35.706000
AZL000083,Amanda Reeve,Amanda,,Reeve,,,False,az,,,,,2011-01-21 19:37:19.757000,2013-01-15 16:33:17.173000
AZL000084,David Schapira,David,,Schapira,,,False,az,,,,http://www.azleg.gov/alisImages/MemberPhotos/50leg/Senate/SCHAPIRA.gif,2011-01-21 19:37:19.759000,2013-01-15 15:54:43.270000
AZL000085,Carl Seel,Carl,,Seel,,,False,az,,,,http://www.azleg.gov/alisImages/MemberPhotos/50leg/House/SEEL.gif,2011-01-21 19:37:19.761000,2015-01-12 23:20:35.646000
AZL000087,David W Stevens,David,W,Stevens,,,False,az,,,,http://www.azleg.gov/alisImages/MemberPhotos/50leg/House/STEVENS.gif,2011-01-21 19:37:19.765000,2017-01-14 07:31:14.831000
AZL000088,Andrew M Tobin,Andrew,M,Tobin,,,False,az,,,,http://www.azleg.gov/alisImages/MemberPhotos/50leg/House/TOBIN.gif,2011-01-21 19:37:19.767000,2015-01-12 23:20:35.617000
AZL000089,Anna Tovar,Anna,,Tovar,,,False,az,,,,http://www.azleg.gov/alisImages/MemberPhotos/50leg/House/TOVAR.gif,2011-01-21 19:37:19.769000,2015-01-12 23:20:35.702000
AZL000090,Ted Vogt,Ted,,Vogt,,,False,az,,,,http://www.azleg.gov/alisImages/MemberPhotos/50leg/House/VOGT.gif,2011-01-21 19:37:19.771000,2013-01-15 16:33:23.894000
AZL000091,Rae Waters,Rae,,Waters,,,False,az,,,,http://www.azleg.gov/alisImages/MemberPhotos/49leg/House/WATERS.gif,2011-01-21 19:37:19.773000,2011-01-21 19:37:19.800000
AZL000092,Jim Weiers,Jim,,Weiers,,,False,az,,,,http://www.azleg.gov/alisImages/MemberPhotos/50leg/House/WEIERS_J.gif,2011-01-21 19:37:19.775000,2013-01-15 16:17:53.129000
AZL000093,Jerry Weiers,Jerry,,Weiers,,,False,az,,,,http://www.azleg.gov/alisImages/MemberPhotos/50leg/House/WEIERS_JP.gif,2011-01-21 19:37:19.777000,2013-01-15 16:17:58.758000
AZL000094,Vic Williams,Vic,,Williams,,,False,az,,,,http://www.azleg.gov/alisImages/MemberPhotos/50leg/House/WILLIAMS.gif,2011-01-21 19:37:19.779000,2013-01-15 16:23:52.346000
AZL000097,Nancy Young Wright,Nancy Young,,Wright,,,False,az,,,,http://www.azleg.gov/alisImages/MemberPhotos/49leg/House/YOUNG_WRIGHT.gif,2011-01-21 19:37:19.785000,2011-01-21 19:37:19.815000
AZL000103,Scott Bundgaard,Scott,,Bundgaard,,,False,az,,,,http://www.azleg.gov/alisImages/MemberPhotos/50leg/Senate/BUNDGAARD.gif,2011-01-21 20:09:48.026000,2012-06-01 18:32:02.861000
AZL000107,Steve Gallardo,Steve,,Gallardo,,,False,az,,,,http://www.azleg.gov/alisImages/MemberPhotos/50leg/Senate/GALLARDO.gif,2011-01-21 20:09:48.060000,2015-01-12 23:20:35.710000
AZL000111,Jack Jackson Jr.,Jack,,Jackson,Jr.,,False,az,,,,http://www.azleg.gov/alisImages/MemberPhotos/50leg/Senate/JACKSON.gif,2011-01-21 20:09:48.067000,2013-08-07 14:27:46.604000
AZL000112,Lori Klein,Lori,,Klein,,,False,az,,,,http://www.azleg.gov/alisImages/MemberPhotos/50leg/Senate/KLEIN.gif,2011-01-21 20:09:48.069000,2013-01-15 15:51:33.122000
AZL000124,Don Shooter,Don,,Shooter,,,False,az,,,,http://www.azleg.gov/alisImages/MemberPhotos/50leg/Senate/SHOOTER.gif,2011-01-21 20:09:48.092000,2017-01-14 07:31:14.897000
AZL000131,Ben Arredondo,Ben,,Arredondo,,,False,az,,,,,2011-01-21 20:09:48.105000,2013-01-04 00:02:05.521000
AZL000134,Kate Brophy McGee,Kate,,Brophy McGee,,,False,az,,,,http://www.azleg.gov/alisImages/MemberPhotos/50leg/House/BROPHY_MCGEE.gif,2011-01-21 20:09:48.120000,2017-01-14 07:31:14.852000
AZL000140,Chester Crandell,Chester,,Crandell,,,False,az,,,,http://www.azleg.gov/alisImages/MemberPhotos/50leg/House/CRANDELL.gif,2011-01-21 20:09:48.131000,2014-09-29 13:47:12.257000
AZL000141,Jeff Dial,Jeff,,Dial,,,False,az,,,,http://www.azleg.gov/alisImages/MemberPhotos/50leg/House/DIAL.gif,2011-01-21 20:09:48.139000,2017-01-14 07:31:14.898000
AZL000142,Karen Fann,Karen,,Fann,,,False,az,,,,http://www.azleg.gov/alisImages/MemberPhotos/50leg/House/FANN.gif,2011-01-21 20:09:48.141000,2017-01-14 07:31:14.851000
AZL000145,John Fillmore,John,,Fillmore,,,False,az,,,,http://www.azleg.gov/alisImages/MemberPhotos/50leg/House/FILLMORE.gif,2011-01-21 20:09:48.147000,2013-01-15 16:23:42.599000
AZL000146,Tom Forese,Thomas,,Forese,,,False,az,,,,http://www.azleg.gov/alisImages/MemberPhotos/50leg/House/FORESE.gif,2011-01-21 20:09:48.159000,2015-01-12 23:20:35.630000
AZL000147,Ruben Gallego,Ruben,,Gallego,,,False,az,,,,http://www.azleg.gov/alisImages/MemberPhotos/50leg/House/GALLEGO.gif,2011-01-21 20:09:48.160000,2014-03-25 14:54:51.283000
AZL000151,Rick Gray,Rick,,Gray,,,False,az,,,,http://www.azleg.gov/alisImages/MemberPhotos/50leg/House/GRAY_R.gif,2011-01-21 20:09:48.168000,2017-01-14 07:31:14.873000
AZL000157,Peggy Judd,Peggy,,Judd,,,False,az,,,,http://www.azleg.gov/alisImages/MemberPhotos/50leg/House/JUDD.gif,2011-01-21 20:09:48.179000,2013-01-15 16:23:39.468000
AZL000167,Justin Olson,Justin,,Olson,,,False,az,,,,http://www.azleg.gov/alisImages/MemberPhotos/50leg/House/OLSON.gif,2011-01-21 20:09:48.210000,2017-01-14 07:31:14.850000
AZL000171,Terri Proud,Terri,,Proud,,,False,az,,,,http://www.azleg.gov/alisImages/MemberPhotos/50leg/House/PROUD.gif,2011-01-21 20:09:48.217000,2013-01-15 16:23:46.889000
AZL000173,Bob Robson,Bob,,Robson,,,False,az,,,,http://www.azleg.gov/alisImages/MemberPhotos/50leg/House/ROBSON.gif,2011-01-21 20:09:48.221000,2017-01-14 07:31:14.823000
AZL000176,David Burnell Smith,David,Burnell,Smith,,,False,az,,,,http://www.azleg.gov/alisImages/MemberPhotos/50leg/House/SMITH_D.gif,2011-01-21 20:09:48.227000,2013-01-15 16:15:37.995000
AZL000181,Steve Urie,Steve,,Urie,,,False,az,,,,http://www.azleg.gov/alisImages/MemberPhotos/50leg/House/URIE.gif,2011-01-21 20:09:48.246000,2013-01-15 16:21:19.124000
AZL000185,Bruce Wheeler,Bruce,,Wheeler,,,False,az,,,,http://www.azleg.gov/alisImages/MemberPhotos/50leg/House/WHEELER.gif,2011-01-21 20:09:48.253000,2017-01-14 07:31:14.826000
AZL000188,Justin Pierce,Justin,,Pierce,,,False,az,,,,http://www.azleg.gov/alisImages/MemberPhotos/50leg/House/PIERCE.gif,2011-05-26 01:39:57.755000,2015-01-12 23:20:35.657000
AZL000190,Jerry Lewis,Jerry,,Lewis,,,False,az,,,,http://www.azleg.gov/alisImages/MemberPhotos/50leg/Senate/LEWIS.gif,2011-12-01 01:41:50.497000,2013-01-15 15:58:49.715000
AZL000194,Martin  J. Quezada,Martin ,J.,Quezada,,,False,az,,,,http://www.azleg.gov/alisImages/MemberPhotos/50leg/House/QUEZADA.gif,2012-03-06 02:45:09.783000,2015-01-12 23:20:35.667000
AZL000195,Nicholas  Fontana,Nicholas,,Fontana,,,False,az,,,,,2012-05-01 03:24:51.376000,2013-01-15 16:25:10.182000
AZL000235,Kelli Ward,Kelli,,Ward,,,False,az,,,,http://www.azleg.gov/alisImages/MemberPhotos/51leg/Senate/WARD.gif,2013-01-12 00:05:06.961000,2016-02-05 03:31:52.200000
AZL000239,John Allen,John,,Allen,,,False,az,,,,http://azallen.com/images/allen-leg-chair.jpg,2013-01-12 00:05:07.048000,2015-01-12 23:20:35.628000
AZL000242,Sonny Borrelli,Sonny,,Borrelli,,,False,az,,,,http://sonnyborrelli.com/files/Main/2012.08.23_15.29.58.jpg,2013-01-12 00:05:07.069000,2017-01-14 07:31:14.884000
AZL000248,Doug Coleman,Doug,,Coleman,,,False,az,,,,http://www.azleg.gov/alisImages/MemberPhotos/51leg/House/COLEMAN.gif,2013-01-12 00:05:07.121000,2017-01-14 07:31:14.833000
AZL000249,Lupe Chavira Contreras,Lupe Chavira,,Contreras,,,False,az,,,,http://ballotpedia.org/wiki/images/thumb/Lupe_Contreras.jpg/200px-Lupe_Contreras.jpg,2013-01-12 00:05:07.129000,2015-01-12 23:20:35.638000
AZL000252,Juan Carlos Escamilla,Juan Carlos,,Escamilla,,,False,az,,,,http://www.azleg.gov/alisImages/MemberPhotos/51leg/House/ESCAMILLA.gif,2013-01-12 00:05:07.149000,2015-01-12 23:20:35.677000
AZL000262,Lydia Hernández,Lydia,,Hernández,,,False,az,,,,http://www.lydiahernandez.com/Lydia_Hernandez/Biography_files/lydia-y-castro.jpg,2013-01-12 00:05:07.220000,2015-01-12 23:20:35.669000
AZL000264,Adam Kwasman,Adam,,Kwasman,,,False,az,,,,https://sphotos-b.xx.fbcdn.net/hphotos-ash3/536358_374483715969597_1039960253_n.jpg,2013-01-12 00:05:07.234000,2015-01-12 23:20:35.622000
AZL000265,Jonathan Larkin,Jonathan,,Larkin,,,False,az,,,,http://www.larkinforarizona.com/wp-content/gallery/jonathan-larkin-gallery/dsc2918.jpg,2013-01-12 00:05:07.241000,2015-01-12 23:20:35.673000
AZL000269,Stefanie Mach,Stefanie,,Mach,,,False,az,,,,http://www.stefaniemach.com/assets/pages/1/about-photo1.jpg,2013-01-12 00:05:07.271000,2017-01-14 07:31:14.886000
AZL000271,Juan Mendez,Juan,,Mendez,,,False,az,,,,https://sphotos-a.xx.fbcdn.net/hphotos-ash3/533001_159009700888718_12311584_n.jpg,2013-01-12 00:05:07.286000,2015-01-12 23:20:35.659000
AZL000278,Ethan Orr,Ethan,,Orr,,,False,az,,,,https://sphotos-a.xx.fbcdn.net/hphotos-ash3/547041_386493344758787_1611776779_n.jpg,2013-01-12 00:05:07.337000,2015-01-12 23:20:35.695000
AZL000279,Lisa Otondo,Lisa,,Otondo,,,False,az,,,,http://www.azleg.gov/alisImages/MemberPhotos/51leg/House/OTONDO.gif,2013-01-12 00:05:07.344000,2015-01-12 23:20:35.675000
AZL000280,Jamescita Peshlakai,Jamescita,,Peshlakai,,,False,az,,,,http://www.azleg.gov/alisImages/MemberPhotos/51leg/House/PESHLAKAI.gif,2013-01-12 00:05:07.354000,2015-01-12 23:20:35.689000
AZL000281,Warren Petersen,Warren,,Petersen,,,False,az,,,,https://sphotos-a.xx.fbcdn.net/hphotos-frc1/288084_341112449316670_89368112_o.jpg,2013-01-12 00:05:07.362000,2015-01-12 23:20:35.626000
AZL000288,Andrew C. Sherwood,Andrew C.,,Sherwood,,,False,az,,,,http://www.azleg.gov/alisImages/MemberPhotos/52leg/Senate/SHERWOOD.gif,2013-01-12 00:05:07.420000,2017-01-14 07:31:14.892000
AZL000289,T.J. Shope,T.J.,,Shope,,,False,az,,,,http://sendright.com/draft/shope/wp-content/uploads/2011/11/shope_headshot-240x300.jpg,2013-01-12 00:05:07.427000,2015-01-12 23:20:35.694000
AZL000291,Victoria Steele,Victoria,,Steele,,,False,az,,,,http://steeleforhouse.com/wp-content/uploads/2012/05/victoria-issues.jpg,2013-01-12 00:05:07.447000,2016-02-05 03:36:04.797000
AZL000299,Carlyle Begay,Carlyle,,Begay,,,False,az,,,,http://www.azleg.gov/alisImages/MemberPhotos/51leg/Senate/BEGAY.gif,2013-08-07 00:05:05.757000,2017-01-14 07:31:14.896000
AZL000302,Demion Clinco,Demion,,Clinco,,,False,az,,,,http://www.azleg.gov/alisImages/MemberPhotos/51leg/House/CLINCO.gif,2014-02-11 19:39:48.543000,2015-01-12 23:20:35.644000
AZL000303,Norma A. Muñoz,Norma A.,,Muñoz,,,False,az,,,,http://www.azleg.gov/alisImages/MemberPhotos/51leg/House/MUÑOZ.gif,2014-03-24 23:55:04.498000,2015-01-12 23:20:35.665000
AZL000304,Alice Crandell,Alice,,Crandell,,,False,az,,,,http://www.azleg.gov/alisImages/nophoto.gif,2014-09-26 23:08:54.071000,2015-01-12 23:20:35.712000
AZL000307,"Russell ""Rusty"" Bowers","Russell ""Rusty""",,Bowers,,,False,az,,,,http://www.azleg.gov/alisImages/MemberPhotos/52leg/House/BOWERS.gif,2015-01-12 23:20:34.498000,2017-01-14 07:31:14.882000
AZL000308,J. Christopher Ackerley,J. Christopher,,Ackerley,,,False,az,,,,http://www.azleg.gov/alisImages/MemberPhotos/52leg/House/ACKERLEY.gif,2015-01-12 23:20:34.508000,2017-01-14 07:31:14.838000
AZL000309,"Thomas ""T.J."" Shope","Thomas ""T.J.""",,Shope,,,False,az,,,,http://www.azleg.gov/alisImages/MemberPhotos/52leg/House/SHOPE.gif,2015-01-12 23:20:34.518000,2017-01-14 07:31:14.888000
AZL000313,Ceci Velasquez,Ceci,,Velasquez,,,False,az,,,,http://www.azleg.gov/alisImages/MemberPhotos/52leg/House/VELASQUEZ.gif,2015-01-12 23:20:34.599000,2017-01-14 07:31:14.827000
AZL000314,Reginald Bolding Jr.,Reginald,,Bolding,Jr.,,False,az,,,,http://www.azleg.gov/alisImages/MemberPhotos/52leg/House/BOLDING.gif,2015-01-12 23:20:34.609000,2017-01-14 07:31:14.872000
AZL000316,Franklin M. Pratt,Franklin M.,,Pratt,,,False,az,,,,http://www.azleg.gov/alisImages/MemberPhotos/52leg/House/PRATT.gif,2015-01-12 23:20:34.650000,2017-01-14 07:31:14.837000
AZL000320,Jennifer D. Benally,Jennifer D.,,Benally,,,False,az,,,,http://www.azleg.gov/alisImages/MemberPhotos/52leg/House/BENALLY.gif,2015-01-12 23:20:34.703000,2017-01-14 07:31:14.846000
AZL000321,Juan Jose Mendez,Juan Jose,,Mendez,,,False,az,,,,http://www.azleg.gov/alisImages/MemberPhotos/52leg/House/MENDEZ.gif,2015-01-12 23:20:34.714000,2017-01-14 07:31:14.849000
AZL000325,Regina Cobb,Regina,,Cobb,,,False,az,,,,http://www.azleg.gov/alisImages/MemberPhotos/52leg/House/COBB.gif,2015-01-12 23:20:34.873000,2017-01-14 07:31:14.869000
AZL000327,Warren H. Petersen,Warren H.,,Petersen,,,False,az,,,,http://www.azleg.gov/alisImages/MemberPhotos/52leg/House/PETERSEN.gif,2015-01-12 23:20:34.914000,2017-01-14 07:31:14.889000
AZL000335,Lisa A. Otondo,Lisa A.,,Otondo,,,False,az,,,,http://www.azleg.gov/alisImages/MemberPhotos/52leg/House/OTONDO.gif,2015-01-12 23:20:35.193000,2017-01-14 07:31:14.854000
AZL000340,Jonathan R. Larkin,Jonathan R.,,Larkin,,,False,az,,,,http://www.azleg.gov/alisImages/MemberPhotos/52leg/House/LARKIN.gif,2015-01-12 23:20:35.314000,2017-01-14 07:31:14.847000
AZL000343,Anthony Kern,Anthony,,Kern,,,False,az,,,,http://www.azleg.gov/alisImages/MemberPhotos/52leg/House/KERN.gif,2015-01-12 23:20:35.357000,2017-01-14 07:31:14.822000
AZL000356,Celeste Plumlee,Celeste,,Plumlee,,,False,az,,,,http://www.azleg.gov/alisImages/nophoto.gif,2015-12-16 07:03:10.806000,2017-01-14 07:31:14.828000
AZL000358,Susan Donahue,Susan,,Donahue,,,False,az,,,,http://www.azleg.gov/alisImages/nophoto.gif,2016-01-08 07:07:03.565000,2017-01-14 07:31:14.902000
AZL000360,Matthew A. Kopec,Matthew A.,,Kopec,,,False,az,,,,http://www.azleg.gov/alisImages/MemberPhotos/52leg/House/KOPEC.gif,2016-02-04 07:51:12.185000,2017-01-14 07:31:14.855000
AZL000031,Rebecca Rios,Rebecca,,Rios,,,True,az,lower,27,Democratic,http://azleg.gov/alisImages/MemberPhotos/53leg/House/RIOS.gif,2011-01-21 19:37:19.618000,2017-05-31 08:22:02.130000
AZL000130,Lela Alston,Lela,,Alston,,,True,az,lower,24,Democratic,http://azleg.gov/alisImages/MemberPhotos/53leg/House/ALSTON.gif,2011-01-21 20:09:48.103000,2017-05-31 08:22:02.394000
AZL000133,Brenda Barton,Brenda,,Barton,,,True,az,lower,6,Republican,http://azleg.gov/alisImages/MemberPhotos/53leg/House/BARTON.gif,2011-01-21 20:09:48.108000,2017-05-31 08:22:02.187000
AZL000137,Heather Carter,Heather,,Carter,,,True,az,lower,15,Republican,http://azleg.gov/alisImages/MemberPhotos/53leg/House/CARTER.gif,2011-01-21 20:09:48.126000,2017-05-31 08:22:02.088000
AZL000144,Eddie Farnsworth,Eddie,,Farnsworth,,,True,az,lower,12,Republican,http://azleg.gov/alisImages/MemberPhotos/53leg/House/FARNSWORTH_E.gif,2011-01-21 20:09:48.145000,2017-05-31 08:22:02.357000
AZL000148,Sally Ann Gonzales,Sally Ann,,Gonzales,,,True,az,lower,3,Democratic,http://azleg.gov/alisImages/MemberPhotos/53leg/House/GONZALES.gif,2011-01-21 20:09:48.162000,2017-05-31 08:22:02.365000
AZL000162,Javan Mesnard,Javan,,Mesnard,,JD,True,az,lower,17,Republican,http://azleg.gov/alisImages/MemberPhotos/53leg/House/MESNARD.gif,2011-01-21 20:09:48.200000,2017-05-31 08:21:35.778000
AZL000174,Macario Saldate IV,Macario,,Saldate,,,True,az,lower,3,Democratic,http://azleg.gov/alisImages/MemberPhotos/53leg/House/SALDATE.gif,2011-01-21 20:09:48.223000,2017-05-31 08:22:02.375000
AZL000180,Michelle Ugenti,Michelle B.,,Ugenti-Rita,,,True,az,lower,23,Republican,http://azleg.gov/alisImages/MemberPhotos/53leg/House/UGENTI-RITA.gif,2011-01-21 20:09:48.244000,2017-05-31 08:22:02.236000
AZL000193,Phil Lovas,Phil,,Lovas,,,True,az,lower,22,Republican,http://azleg.gov/alisImages/MemberPhotos/53leg/House/LOVAS.gif,2012-02-23 02:49:58.485000,2017-05-31 08:22:02.147000
AZL000243,Paul Boyer,Paul,,Boyer,,,True,az,lower,20,Republican,http://azleg.gov/alisImages/MemberPhotos/53leg/House/BOYER.gif,2013-01-12 00:05:07.076000,2017-05-31 08:22:02.373000
AZL000246,Mark A. Cardenas,Mark A.,,Cardenas,,,True,az,lower,19,Democratic,http://azleg.gov/alisImages/MemberPhotos/53leg/House/CARDENAS.png,2013-01-12 00:05:07.098000,2017-05-31 08:22:02.229000
AZL000255,Rosanna Gabaldón,Rosanna,,Gabaldón,,,True,az,lower,2,Democratic,http://azleg.gov/alisImages/MemberPhotos/53leg/House/GABALDÓN.gif,2013-01-12 00:05:07.172000,2017-05-31 08:22:02.203000
AZL000267,David Livingston,David,,Livingston,,,True,az,lower,22,Republican,http://azleg.gov/alisImages/MemberPhotos/53leg/House/LIVINGSTON.gif,2013-01-12 00:05:07.254000,2017-05-31 08:22:02.261000
AZL000275,Darin Mitchell,Darin,,Mitchell,,,True,az,lower,13,Republican,http://azleg.gov/alisImages/MemberPhotos/53leg/House/MITCHELL.gif,2013-01-12 00:05:07.315000,2017-05-31 08:22:02.416000
AZL000293,Bob Thorpe,Bob,,Thorpe,,,True,az,lower,6,Republican,http://azleg.gov/alisImages/MemberPhotos/53leg/House/THORPE.gif,2013-01-12 00:05:07.462000,2017-05-31 08:22:02.333000
AZL000294,Kelly Townsend,Kelly,,Townsend,,,True,az,lower,16,Republican,http://azleg.gov/alisImages/MemberPhotos/53leg/House/TOWNSEND.gif,2013-01-12 00:05:07.481000,2017-05-31 08:22:02.123000
AZL000305,Charlene R. Fernandez,Charlene R.,,Fernandez,,,True,az,lower,4,Democratic,http://azleg.gov/alisImages/MemberPhotos/53leg/House/FERNANDEZ.gif,2015-01-12 23:20:34.453000,2017-05-31 08:22:02.254000
AZL000306,Noel W. Campbell,Noel W.,,Campbell,,,True,az,lower,1,Republican,http://azleg.gov/alisImages/MemberPhotos/53leg/House/CAMPBELL.gif,2015-01-12 23:20:34.463000,2017-05-31 08:22:02.328000
AZL000311,Ken Clark,Ken,,Clark,,,True,az,lower,24,Democratic,http://azleg.gov/alisImages/MemberPhotos/53leg/House/CLARK.gif,2015-01-12 23:20:34.548000,2017-05-31 08:22:02.095000
AZL000312,Vince Leach,Vince,,Leach,,,True,az,lower,11,Republican,http://azleg.gov/alisImages/MemberPhotos/53leg/House/LEACH.gif,2015-01-12 23:20:34.558000,2017-05-31 08:22:02.256000
AZL000318,Richard C. Andrade,Richard C.,,Andrade,,,True,az,lower,29,Democratic,http://azleg.gov/alisImages/MemberPhotos/53leg/House/ANDRADE.gif,2015-01-12 23:20:34.672000,2017-05-31 08:22:02.300000
AZL000319,Mark Finchem,Mark,,Finchem,,,True,az,lower,11,Republican,http://azleg.gov/alisImages/MemberPhotos/53leg/House/FINCHEM.gif,2015-01-12 23:20:34.693000,2017-05-31 08:22:02.355000
AZL000326,Tony Rivero,Tony,,Rivero,,,True,az,lower,21,Republican,http://azleg.gov/alisImages/MemberPhotos/53leg/House/RIVERO.gif,2015-01-12 23:20:34.882000,2017-05-31 08:22:02.107000
AZL000328,Jill Norgaard,Jill,,Norgaard,,,True,az,lower,18,Republican,http://azleg.gov/alisImages/MemberPhotos/53leg/House/NORGAARD.gif,2015-01-12 23:20:34.988000,2017-05-31 08:22:02.400000
AZL000329,Diego Espinoza,Diego,,Espinoza,,,True,az,lower,19,Democratic,http://azleg.gov/alisImages/MemberPhotos/53leg/House/ESPINOZA.gif,2015-01-12 23:20:35.045000,2017-05-31 08:22:02.404000
AZL000334,Jay Lawrence,Jay,,Lawrence,,,True,az,lower,23,Republican,http://azleg.gov/alisImages/MemberPhotos/53leg/House/LAWRENCE.gif,2015-01-12 23:20:35.140000,2017-05-31 08:22:02.287000
AZL000336,John M. Allen,John M.,,Allen,,,True,az,lower,15,Republican,http://azleg.gov/alisImages/MemberPhotos/53leg/House/ALLEN_J.gif,2015-01-12 23:20:35.224000,2017-05-31 08:22:02.127000
AZL000341,Randall Friese,Randall,,Friese,,,True,az,lower,9,Democratic,http://azleg.gov/alisImages/MemberPhotos/53leg/House/FRIESE.gif,2015-01-12 23:20:35.325000,2017-05-31 08:22:02.098000
AZL000344,Jeff Weninger,Jeff,,Weninger,,,True,az,lower,17,Republican,http://azleg.gov/alisImages/MemberPhotos/53leg/House/WENINGER.gif,2015-01-12 23:20:35.369000,2017-05-31 08:22:02.407000
AZL000361,Tony Navarrete,Tony,,Navarrete,,,True,az,lower,30,Democratic,http://azleg.gov/alisImages/MemberPhotos/53leg/House/NAVARRETE.gif,2017-01-14 07:31:14.177000,2017-05-31 08:22:02.330000
AZL000362,Regina E. Cobb,Regina E.,,Cobb,,,True,az,lower,5,Republican,http://azleg.gov/alisImages/MemberPhotos/53leg/House/COBB.gif,2017-01-14 07:31:14.206000,2017-05-31 08:22:02.113000
AZL000363,Travis W. Grantham,Travis W.,,Grantham,,,True,az,lower,12,Republican,http://azleg.gov/alisImages/MemberPhotos/53leg/House/GRANTHAM.png,2017-01-14 07:31:14.212000,2017-05-31 08:22:02.344000
AZL000365,Michelle Udall,Michelle,,Udall,,,True,az,lower,25,Republican,http://azleg.gov/alisImages/MemberPhotos/53leg/House/UDALL.gif,2017-01-14 07:31:14.248000,2017-05-31 08:22:02.382000
AZL000368,Wenona Benally,Wenona,,Benally,,,True,az,lower,7,Democratic,http://azleg.gov/alisImages/MemberPhotos/53leg/House/BENALLY.gif,2017-01-14 07:31:14.290000,2017-05-31 08:22:02.199000
AZL000369,Paul Mosley,Paul,,Mosley,,,True,az,lower,5,Republican,http://azleg.gov/alisImages/MemberPhotos/53leg/House/MOSLEY.gif,2017-01-14 07:31:14.314000,2017-05-31 08:22:02.160000
AZL000370,Douglas Coleman,Douglas,,Coleman,,,True,az,lower,16,Republican,http://azleg.gov/alisImages/MemberPhotos/53leg/House/COLEMAN.gif,2017-01-14 07:31:14.332000,2017-05-31 08:22:02.388000
AZL000372,Isela Blanc,Isela,,Blanc,,,True,az,lower,26,Democratic,http://azleg.gov/alisImages/MemberPhotos/53leg/House/BLANC.gif,2017-01-14 07:31:14.380000,2017-05-31 08:22:02.326000
AZL000373,Daniel Hernandez,Daniel,,Hernandez,,,True,az,lower,2,Democratic,http://azleg.gov/alisImages/MemberPhotos/53leg/House/HERNANDEZ.jpg,2017-01-14 07:31:14.386000,2017-05-31 08:22:02.360000
AZL000374,Mitzi Epstein,Mitzi,,Epstein,,,True,az,lower,18,Democratic,http://azleg.gov/alisImages/MemberPhotos/53leg/House/EPSTEIN.jpg,2017-01-14 07:31:14.403000,2017-05-31 08:22:02.411000
AZL000375,Ray D. Martinez,Ray D.,,Martinez,,,True,az,lower,30,Democratic,http://azleg.gov/alisImages/MemberPhotos/53leg/House/MARTINEZ.gif,2017-01-14 07:31:14.409000,2017-05-31 08:22:02.289000
AZL000376,Don Shooter,Don,,Shooter,,,True,az,lower,13,Republican,http://azleg.gov/alisImages/MemberPhotos/53leg/House/SHOOTER.gif,2017-01-14 07:31:14.414000,2017-05-31 08:22:02.384000
AZL000377,Thomas R. Shope,Thomas R.,,Shope,,,True,az,lower,8,Republican,http://azleg.gov/alisImages/MemberPhotos/53leg/House/SHOPE.gif,2017-01-14 07:31:14.420000,2017-05-31 08:22:02.402000
AZL000378,David Stringer,David,,Stringer,,,True,az,lower,1,Republican,http://azleg.gov/alisImages/MemberPhotos/53leg/House/STRINGER.gif,2017-01-14 07:31:14.426000,2017-05-31 08:22:02.380000
AZL000380,Eric Descheenie,Eric,,Descheenie,,,True,az,lower,7,Democratic,http://azleg.gov/alisImages/MemberPhotos/53leg/House/DESCHEENIE.gif,2017-01-14 07:31:14.444000,2017-05-31 08:22:02.302000
AZL000381,Athena Salman,Athena,,Salman,,,True,az,lower,26,Democratic,http://azleg.gov/alisImages/MemberPhotos/53leg/House/SALMAN.gif,2017-01-14 07:31:14.449000,2017-05-31 08:22:02.155000
AZL000382,Becky A. Nutt,Becky A.,,Nutt,,,True,az,lower,14,Republican,http://azleg.gov/alisImages/MemberPhotos/53leg/House/NUTT.png,2017-01-14 07:31:14.455000,2017-05-31 08:22:02.386000
AZL000383,Jesus Rubalcava,Jesus,,Rubalcava,,,True,az,lower,4,Democratic,http://azleg.gov/alisImages/MemberPhotos/53leg/House/RUBALCAVA.gif,2017-01-14 07:31:14.492000,2017-05-31 08:22:02.194000
AZL000384,David L. Cook,David L.,,Cook,,,True,az,lower,8,Republican,http://azleg.gov/alisImages/MemberPhotos/53leg/House/COOK.gif,2017-01-14 07:31:14.498000,2017-05-31 08:22:02.201000
AZL000385,Maria Syms,Maria,,Syms,,,True,az,lower,28,Republican,http://azleg.gov/alisImages/MemberPhotos/53leg/House/SYMS.gif,2017-01-14 07:31:14.510000,2017-05-31 08:22:02.413000
AZL000389,Pamela Powers Hannley,Pamela Powers,,Hannley,,,True,az,lower,9,Democratic,http://azleg.gov/alisImages/MemberPhotos/53leg/House/POWERS_HANNLEY.gif,2017-01-14 07:31:14.551000,2017-05-31 08:22:02.153000
AZL000390,Kevin Payne,Kevin,,Payne,,,True,az,lower,21,Republican,http://azleg.gov/alisImages/MemberPhotos/53leg/House/PAYNE.gif,2017-01-14 07:31:14.562000,2017-05-31 08:22:02.341000
AZL000391,Anthony T. Kern,Anthony T.,,Kern,,,True,az,lower,20,Republican,http://azleg.gov/alisImages/MemberPhotos/53leg/House/KERN.gif,2017-01-14 07:31:14.580000,2017-05-31 08:22:02.351000
AZL000392,Todd A. Clodfelter,Todd A.,,Clodfelter,,,True,az,lower,10,Republican,http://azleg.gov/alisImages/MemberPhotos/53leg/House/CLODFELTER.gif,2017-01-14 07:31:14.586000,2017-05-31 08:22:02.419000
AZL000394,César Chávez,César,,Chávez,,,True,az,lower,29,Democratic,http://azleg.gov/alisImages/MemberPhotos/53leg/House/CHÁVEZ.gif,2017-01-14 07:31:14.610000,2017-05-31 08:22:02.409000
AZL000395,Russell Bowers,Russell,,Bowers,,,True,az,lower,25,Republican,http://azleg.gov/alisImages/MemberPhotos/53leg/House/BOWERS.gif,2017-01-14 07:31:14.622000,2017-05-31 08:22:02.392000
AZL000397,Reginald Bolding,Reginald,,Bolding,,,True,az,lower,27,Democratic,http://azleg.gov/alisImages/MemberPhotos/53leg/House/BOLDING.gif,2017-01-14 07:31:14.633000,2017-05-31 08:22:02.378000
AZL000399,Drew John,Drew,,John,,,True,az,lower,14,Republican,http://azleg.gov/alisImages/MemberPhotos/53leg/House/JOHN.gif,2017-01-14 07:31:14.650000,2017-05-31 08:22:01.985000
AZL000400,Kirsten Engel,Kirsten,,Engel,,,True,az,lower,10,Democratic,http://azleg.gov/alisImages/MemberPhotos/53leg/House/ENGEL.gif,2017-01-14 07:31:14.691000,2017-05-31 08:22:02.367000
AZL000401,Kelli Butler,Kelli,,Butler,,,True,az,lower,28,Democratic,http://azleg.gov/alisImages/MemberPhotos/53leg/House/BUTLER.jpg,2017-01-14 07:31:14.696000,2017-05-31 08:22:02.151000
AZL000403,Javan D. Mesnard,Javan D.,,Mesnard,,,True,az,lower,17,Republican,http://azleg.gov/alisImages/MemberPhotos/53leg/House/MESNARD.png,2017-04-11 08:19:11.803000,2017-05-31 08:22:02.132000
AZL000404,Ben Toma,Ben,,Toma,,,True,az,lower,22,Republican,,2017-04-27 08:19:16.800000,2017-05-31 08:21:35.758000
AZL000004,Sylvia Allen,Sylvia,,Allen,,,True,az,upper,6,Republican,http://azleg.gov/alisImages/MemberPhotos/53leg/Senate/ALLEN_S.gif,2011-01-21 19:37:19.566000,2017-05-31 08:22:02.170000
AZL000040,Nancy K Barto,Nancy,K,Barto,,,True,az,upper,15,Republican,http://azleg.gov/alisImages/MemberPhotos/53leg/Senate/BARTO.gif,2011-01-21 19:37:19.636000,2017-05-31 08:22:02.438000
AZL000043,David Bradley,David,,Bradley,,,True,az,upper,10,Democratic,http://azleg.gov/alisImages/MemberPhotos/53leg/Senate/BRADLEY.gif,2011-01-21 19:37:19.657000,2017-05-31 08:22:02.434000
AZL000045,Judy Burges,Judy,M,Burges,,,True,az,upper,22,Republican,http://azleg.gov/alisImages/MemberPhotos/53leg/Senate/BURGES.gif,2011-01-21 19:37:19.660000,2017-05-31 08:22:02.048000
AZL000046,Olivia Cajero Bedford,Olivia,,Cajero Bedford,,,True,az,upper,3,Democratic,http://azleg.gov/alisImages/MemberPhotos/53leg/Senate/CAJERO_BEDFORD.gif,2011-01-21 19:37:19.663000,2017-05-31 08:22:02.307000
AZL000055,Steve Farley,Steve,,Farley,,,True,az,upper,9,Democratic,http://azleg.gov/alisImages/MemberPhotos/53leg/Senate/FARLEY.gif,2011-01-21 19:37:19.681000,2017-05-31 08:22:01.999000
AZL000063,John Kavanagh,John,,Kavanagh,,,True,az,upper,23,Republican,http://azleg.gov/alisImages/MemberPhotos/53leg/Senate/KAVANAGH.gif,2011-01-21 19:37:19.697000,2017-05-31 08:22:02.002000
AZL000065,Debbie Lesko,Debbie,,Lesko,,,True,az,upper,21,Republican,http://azleg.gov/alisImages/MemberPhotos/53leg/Senate/LESKO.gif,2011-01-21 19:37:19.701000,2017-05-31 08:22:02.429000
AZL000073,Robert Meza,Robert,,Meza,,,True,az,upper,30,Democratic,http://azleg.gov/alisImages/MemberPhotos/53leg/Senate/MEZA.gif,2011-01-21 19:37:19.716000,2017-05-31 08:22:02.221000
AZL000095,Steven Yarbrough,Steven,,Yarbrough,,,True,az,upper,17,Republican,http://azleg.gov/alisImages/MemberPhotos/53leg/Senate/YARBROUGH.gif,2011-01-21 19:37:19.781000,2017-05-31 08:22:02.321000
AZL000096,Kimberly Yee,Kimberly,,Yee,,,True,az,upper,20,Republican,http://azleg.gov/alisImages/MemberPhotos/53leg/Senate/YEE.gif,2011-01-21 19:37:19.783000,2017-05-31 08:22:02.431000
AZL000110,Gail Griffin,Gail,,Griffin,,,True,az,upper,14,Republican,http://azleg.gov/alisImages/MemberPhotos/53leg/Senate/GRIFFIN.gif,2011-01-21 20:09:48.065000,2017-05-31 08:22:02.314000
AZL000126,Steve Smith,Steve,,Smith,,,True,az,upper,11,Republican,http://azleg.gov/alisImages/MemberPhotos/53leg/Senate/SMITH.gif,2011-01-21 20:09:48.095000,2017-05-31 08:22:02.219000
AZL000155,Katie Hobbs,Katie,,Hobbs,,,True,az,upper,24,Democratic,http://azleg.gov/alisImages/MemberPhotos/53leg/Senate/HOBBS.gif,2011-01-21 20:09:48.175000,2017-05-31 08:22:02.427000
AZL000164,Catherine H Miranda,Catherine,H,Miranda,,,True,az,upper,27,Democratic,http://azleg.gov/alisImages/MemberPhotos/53leg/Senate/MIRANDA.gif,2011-01-21 20:09:48.204000,2017-05-31 08:22:02.208000
AZL000236,Bob Worsley,Bob,,Worsley,,,True,az,upper,25,Republican,http://azleg.gov/alisImages/MemberPhotos/53leg/Senate/WORSLEY.gif,2013-01-12 00:05:06.968000,2017-05-31 08:22:02.269000
AZL000250,Andrea Dalessandro,Andrea,,Dalessandro,,,True,az,upper,2,Democratic,http://azleg.gov/alisImages/MemberPhotos/53leg/Senate/DALESSANDRO.gif,2013-01-12 00:05:07.135000,2017-05-31 08:22:02.060000
AZL000300,David C. Farnsworth,David C.,,Farnsworth,,,True,az,upper,16,Republican,http://azleg.gov/alisImages/MemberPhotos/53leg/Senate/FARNSWORTH_D.gif,2013-09-17 00:05:09.613000,2017-05-31 08:22:02.210000
AZL000342,Martin Quezada,Martin,,Quezada,,,True,az,upper,29,Democratic,http://azleg.gov/alisImages/MemberPhotos/53leg/Senate/QUEZADA.gif,2015-01-12 23:20:35.346000,2017-05-31 08:22:02.310000
AZL000345,Lupe Contreras,Lupe,,Contreras,,,True,az,upper,19,Democratic,http://azleg.gov/alisImages/MemberPhotos/53leg/Senate/CONTRERAS.gif,2015-01-12 23:20:35.379000,2017-05-31 08:22:02.053000
AZL000364,Juan Mendez,Juan,,Mendez,,,True,az,upper,26,Democratic,http://azleg.gov/alisImages/MemberPhotos/53leg/Senate/MENDEZ.gif,2017-01-14 07:31:14.236000,2017-05-31 08:22:02.273000
AZL000366,Lisa Otondo,Lisa,,Otondo,,,True,az,upper,4,Democratic,http://azleg.gov/alisImages/MemberPhotos/53leg/Senate/OTONDO.gif,2017-01-14 07:31:14.254000,2017-05-31 08:22:02.271000
AZL000367,Sonny Borrelli,Sonny,,Borrelli,,,True,az,upper,5,Republican,http://azleg.gov/alisImages/MemberPhotos/53leg/Senate/BORRELLI.gif,2017-01-14 07:31:14.279000,2017-05-31 08:22:02.224000
AZL000371,Jamescita Peshlakai,Jamescita,,Peshlakai,,,True,az,upper,7,Democratic,http://azleg.gov/alisImages/MemberPhotos/53leg/Senate/PESHLAKAI.gif,2017-01-14 07:31:14.374000,2017-05-31 08:22:02.279000
AZL000379,Steve Montenegro,Steve,,Montenegro,,,True,az,upper,13,Republican,http://azleg.gov/alisImages/MemberPhotos/53leg/Senate/MONTENEGRO.gif,2017-01-14 07:31:14.438000,2017-05-31 08:22:02.424000
AZL000386,Warren Petersen,Warren,,Petersen,,,True,az,upper,12,Republican,http://azleg.gov/alisImages/MemberPhotos/53leg/Senate/PETERSEN.gif,2017-01-14 07:31:14.516000,2017-05-31 08:22:02.212000
AZL000387,Karen Fann,Karen,,Fann,,,True,az,upper,1,Republican,http://azleg.gov/alisImages/MemberPhotos/53leg/Senate/FANN.gif,2017-01-14 07:31:14.528000,2017-05-31 08:22:02.267000
AZL000388,Sean Bowie,Sean,,Bowie,,,True,az,upper,18,Democratic,http://azleg.gov/alisImages/MemberPhotos/53leg/Senate/BOWIE.gif,2017-01-14 07:31:14.546000,2017-05-31 08:22:02.214000
AZL000396,Kate Brophy McGee,Kate Brophy,,McGee,,,True,az,upper,28,Republican,http://azleg.gov/alisImages/MemberPhotos/53leg/Senate/BROPHY_MCGEE.png,2017-01-14 07:31:14.628000,2017-05-31 08:22:02.436000
AZL000398,Frank Pratt,Frank,,Pratt,,,True,az,upper,8,Republican,http://azleg.gov/alisImages/MemberPhotos/53leg/Senate/PRATT.gif,2017-01-14 07:31:14.639000,2017-05-31 08:22:02.275000
