leg_id,full_name,first_name,middle_name,last_name,suffixes,nickname,active,state,chamber,district,party,photo_url,created_at,updated_at
GAL000002,Don Balfour,Don,,Balfour,,,False,ga,,,,http://www.senate.ga.gov/SiteCollectionImages/BalfourDon2.jpg,2011-10-07 20:03:09.852000,2015-01-06 21:49:55.194000
GAL000003,Charlie Bethel,Charlie,,Bethel,,,False,ga,,,,http://www.senate.ga.gov/SiteCollectionImages/BethelCharlie753.jpg,2011-10-07 20:03:09.877000,2016-12-27 23:52:24.575000
GAL000004,John Bulloch,John,,Bulloch,,,False,ga,,,,http://www.senate.ga.gov/SiteCollectionImages/BullochJohn4.jpg,2011-10-07 20:03:09.888000,2013-02-12 14:49:24.076000
GAL000006,Buddy Carter,Buddy,,Carter,,,False,ga,,,,http://www.senate.ga.gov/SiteCollectionImages/CarterEarl77.jpg,2011-10-07 20:03:09.909000,2015-01-06 21:49:55.181000
GAL000007,Jason Carter,Jason,,Carter,,,False,ga,,,,http://www.senate.ga.gov/SiteCollectionImages/CarterJason720.jpg,2011-10-07 20:03:09.920000,2015-01-06 21:49:55.191000
GAL000008,Ronnie Chance,Ronnie,,Chance,,,False,ga,,,,http://www.senate.ga.gov/SiteCollectionImages/ChanceRonnie7.jpg,2011-10-07 20:03:09.930000,2015-01-06 21:49:55.184000
GAL000010,John Crosby,John,,Crosby,,,False,ga,,,,http://www.senate.ga.gov/SiteCollectionImages/CrosbyJohn721.jpg,2011-10-07 20:03:09.959000,2015-01-06 21:49:55.182000
GAL000012,Hardie Davis,Hardie,,Davis,,,False,ga,,,,http://www.senate.ga.gov/SiteCollectionImages/DavisHardie89.jpg,2011-10-07 20:03:09.981000,2015-01-06 21:49:55.187000
GAL000015,Greg Goggans,Greg,,Goggans,,,False,ga,,,,http://www.senate.ga.gov/SiteCollectionImages/GoggansGreg13.jpg,2011-10-07 20:03:10.016000,2013-01-09 00:02:34.374000
GAL000016,Tim Golden,Tim,,Golden,,,False,ga,,,,http://www.senate.ga.gov/SiteCollectionImages/GoldenTim14.jpg,2011-10-07 20:03:10.027000,2015-01-06 21:49:55.193000
GAL000018,Johnny Grant,Johnny,,Grant,,,False,ga,,,,http://www.senate.ga.gov/SiteCollectionImages/GrantJohnny15.jpg,2011-10-07 20:03:10.047000,2013-01-09 00:02:34.118000
GAL000019,Bill Hamrick,Bill,,Hamrick,,,False,ga,,,,http://www.senate.ga.gov/SiteCollectionImages/HamrickBill16.jpg,2011-10-07 20:03:10.057000,2013-01-09 00:02:34.107000
GAL000024,Judson Hill,Judson,,Hill,,,False,ga,,,,http://www.senate.ga.gov/SiteCollectionImages/HillJudson23.jpg,2011-10-07 20:03:10.141000,2017-06-01 06:26:09.936000
GAL000025,George Hooks,George,,Hooks,,,False,ga,,,,http://www.senate.ga.gov/SiteCollectionImages/HooksGeorge24.jpg,2011-10-07 20:03:10.151000,2013-01-09 00:02:34.377000
GAL000026,Bill Jackson,Bill,,Jackson,,,False,ga,,,,http://www.senate.ga.gov/SiteCollectionImages/JacksonWilliam26.jpg,2011-10-07 20:03:10.162000,2016-12-27 23:52:24.573000
GAL000032,Barry Loudermilk,Barry,,Loudermilk,,,False,ga,,,,http://www.senate.ga.gov/SiteCollectionImages/LoudermilkBarry156.jpg,2011-10-07 20:03:10.230000,2014-11-05 03:18:04.241000
GAL000037,Jack Murphy,Jack,,Murphy,,,False,ga,,,,http://www.senate.ga.gov/SiteCollectionImages/MurphyJack32.jpg,2011-10-07 20:03:10.311000,2015-01-06 21:49:55.188000
GAL000039,Miriam Paris,Miriam,,Paris,,,False,ga,,,,http://www.senate.ga.gov/SiteCollectionImages/ParisMiriam794.jpg,2011-10-07 20:03:10.337000,2013-01-09 00:02:34.370000
GAL000040,Ronald B. Ramsey,Ronald,,"Ramsey, Sr.",,,False,ga,,,,"http://www.senate.ga.gov/SiteCollectionImages/Ramsey,%20Sr.Ronald36.jpg",2011-10-07 20:03:10.350000,2016-07-26 23:59:17.984000
GAL000041,Chip Rogers,Chip,,Rogers,,,False,ga,,,,http://www.senate.ga.gov/SiteCollectionImages/RogersChip38.jpg,2011-10-07 20:03:10.362000,2013-01-14 16:13:11.284000
GAL000045,Cecil Staton,Cecil,,Staton,,,False,ga,,,,http://www.senate.ga.gov/SiteCollectionImages/StatonCecil44.jpg,2011-10-07 20:03:10.405000,2015-01-06 21:49:55.185000
GAL000047,Doug Stoner,Doug,,Stoner,,,False,ga,,,,http://www.senate.ga.gov/SiteCollectionImages/StonerDoug45.jpg,2011-10-07 20:03:10.426000,2013-01-09 00:02:34.379000
GAL000050,Steve Thompson,Steve,,Thompson,,,False,ga,,,,http://www.senate.ga.gov/SiteCollectionImages/ThompsonSteve51.jpg,2011-10-07 20:03:10.457000,2015-01-06 21:49:55.190000
GAL000052,Ross Tolleson,Ross,,Tolleson,,,False,ga,,,,http://www.senate.ga.gov/SiteCollectionImages/TollesonRoss52.jpg,2011-10-07 20:03:10.478000,2016-07-26 23:59:17.985000
GAL000054,Tommie Williams,Tommie,,Williams,,,False,ga,,,,http://www.senate.ga.gov/SiteCollectionImages/WilliamsTommie56.jpg,2011-10-07 20:03:10.499000,2016-12-27 23:52:24.579000
GAL000055,Roberta Abdul-Salaam,Roberta,,Abdul-Salaam,,,False,ga,,,,,2011-10-07 20:03:10.510000,2013-01-09 00:02:34.123000
GAL000057,Stephen Allison,Stephen,,Allison,,,False,ga,,,,http://www.house.ga.gov/SiteCollectionImages/AllisonStephen726.jpg,2011-10-07 20:03:10.531000,2016-12-27 23:52:24.563000
GAL000058,Amos Amerson,Amos,,Amerson,,,False,ga,,,,http://www.house.ga.gov/SiteCollectionImages/AmersonAmos59.jpg,2011-10-07 20:03:10.541000,2013-01-09 00:02:34.124000
GAL000059,Lee Anderson,Lee,,Anderson,,,False,ga,,,,,2011-10-07 20:03:10.552000,2013-01-09 00:02:34.125000
GAL000060,Kathy Ashe,Kathy,,Ashe,,,False,ga,,,,http://www.house.ga.gov/SiteCollectionImages/AsheKathy60.jpg,2011-10-07 20:03:10.563000,2013-01-09 00:02:34.126000
GAL000061,Alex Atwood,Alex,,Atwood,,,False,ga,,,,http://www.house.ga.gov/SiteCollectionImages/AtwoodAlex788.jpg,2011-10-07 20:03:10.573000,2016-12-27 23:52:24.513000
GAL000063,Glenn Baker,Glenn,,Baker,,,False,ga,,,,http://www1.legis.ga.gov/legis/2011_12/house/images/members_web_images/bakerGlenn.jpg,2011-10-07 20:03:10.607000,2013-01-09 00:02:34.127000
GAL000065,Timothy Bearden,Timothy,,Bearden,,,False,ga,,,,http://www1.legis.ga.gov/legis/2011_12/house/images/members_web_images/beardenTim.jpg,2011-10-07 20:03:10.628000,2013-01-09 00:02:34.380000
GAL000067,Simone Bell,Simone,,Bell,,,False,ga,,,,http://www.house.ga.gov/SiteCollectionImages/BellSimone735.jpg,2011-10-07 20:03:10.655000,2016-07-26 23:59:17.978000
GAL000068,Stephanie Stuckey Benfield,Stephanie Stuckey,,Benfield,,,False,ga,,,,http://www1.legis.ga.gov/legis/2011_12/house/images/members_web_images/benfieldStephanie.jpg,2011-10-07 20:03:10.665000,2013-01-09 00:02:34.129000
GAL000072,Paulette Rakestraw-Braddock,Paulette,,Braddock,,,False,ga,,,,http://www.house.ga.gov/SiteCollectionImages/BraddockPaulette758.jpg,2011-10-07 20:03:10.708000,2015-01-06 21:49:55.171000
GAL000074,Tyrone Brooks,Tyrone,,Brooks,,,False,ga,,,,http://www.house.ga.gov/SiteCollectionImages/BrooksTyrone68.jpg,2011-10-07 20:03:10.729000,2016-07-26 23:59:17.979000
GAL000076,Bob Bryant,Bob,,Bryant,,,False,ga,,,,http://www.house.ga.gov/SiteCollectionImages/BryantBob70.jpg,2011-10-07 20:03:10.752000,2016-07-26 23:59:17.975000
GAL000079,Charlice Byrd,Charlice,,Byrd,,,False,ga,,,,http://www1.legis.ga.gov/legis/2011_12/house/images/members_web_images/byrdCharlice.jpg,2011-10-07 20:03:10.783000,2013-01-09 00:02:34.138000
GAL000082,Mickey Channell,Mickey,,Channell,,,False,ga,,,,http://www.house.ga.gov/SiteCollectionImages/ChannellMickey80.jpg,2011-10-07 20:03:10.814000,2015-02-23 18:45:36.259000
GAL000083,Mike Cheokas,Mike,,Cheokas,,,False,ga,,,,http://www.house.ga.gov/SiteCollectionImages/CheokasMike81.jpg,2011-10-07 20:03:10.825000,2016-12-27 23:52:24.537000
GAL000084,Josh Clark,Josh,,Clark,,,False,ga,,,,http://www.house.ga.gov/SiteCollectionImages/ClarkJosh772.jpg,2011-10-07 20:03:10.835000,2015-01-06 21:49:55.179000
GAL000085,Valerie Clark,Valerie,,Clark,,,False,ga,,,,http://www.house.ga.gov/SiteCollectionImages/ClarkValerie775.jpg,2011-10-07 20:03:10.846000,2016-12-27 23:52:24.570000
GAL000087,Doug Collins,Doug,,Collins,,,False,ga,,,,http://www1.legis.ga.gov/legis/2011_12/house/images/members_web_images/collinsDoug.jpg,2011-10-07 20:03:10.869000,2013-01-09 00:02:34.143000
GAL000091,Rick Crawford,Rick,,Crawford,,,False,ga,,,,http://www1.legis.ga.gov/legis/2011_12/house/images/members_web_images/crawfordRick.jpg,2011-10-07 20:03:10.910000,2013-01-09 00:02:34.146000
GAL000092,Steve Davis,Steve,,Davis,,,False,ga,,,,http://www1.legis.ga.gov/legis/2011_12/house/images/members_web_images/davisSteve.jpg,2011-10-07 20:03:10.920000,2013-01-09 00:02:34.147000
GAL000093,Dee Dawkins-Haigler,Dee,,Dawkins-Haigler,,,False,ga,,,,http://www.house.ga.gov/SiteCollectionImages/Dawkins-HaiglerDee236.jpg,2011-10-07 20:03:10.930000,2016-12-27 23:52:24.524000
GAL000097,Tom Dickson,Tom,,Dickson,,,False,ga,,,,http://www.house.ga.gov/SiteCollectionImages/DicksonTom93.jpg,2011-10-07 20:03:10.977000,2016-12-27 23:52:24.566000
GAL000098,Elly Dobbs,Elly,,Dobbs,,,False,ga,,,,http://www1.legis.ga.gov/legis/2011_12/house/images/members_web_images/dobbsElly.jpg,2011-10-07 20:03:10.987000,2013-01-09 00:02:34.151000
GAL000101,Mike Dudgeon,Mike,,Dudgeon,,,False,ga,,,,http://www.house.ga.gov/SiteCollectionImages/DudgeonMike759.jpg,2011-10-07 20:03:11.018000,2016-12-27 23:52:24.538000
GAL000103,Delvis Dutton,Delvis,,Dutton,,,False,ga,,,,http://www.house.ga.gov/SiteCollectionImages/DuttonDelvis785.jpg,2011-10-07 20:03:11.038000,2015-01-06 21:49:55.163000
GAL000107,Carl Von Epps,Carl,,Epps,,,False,ga,,,,http://www.house.ga.gov/SiteCollectionImages/EppsCarl99.jpg,2011-10-07 20:03:11.158000,2015-01-06 21:49:55.158000
GAL000109,Hugh Floyd,Hugh,,Floyd,,,False,ga,,,,http://www.house.ga.gov/SiteCollectionImages/FloydHugh102.jpg,2011-10-07 20:03:11.183000,2016-12-27 23:52:24.529000
GAL000110,Virgil Fludd,Virgil,,Fludd,,,False,ga,,,,http://www.house.ga.gov/SiteCollectionImages/FluddVirgil104.jpg,2011-10-07 20:03:11.193000,2016-12-27 23:52:24.572000
GAL000112,Carol Fullerton,Carol,,Fullerton,,,False,ga,,,,http://www.house.ga.gov/SiteCollectionImages/FullertonCarol737.jpg,2011-10-07 20:03:11.214000,2015-01-06 21:49:55.162000
GAL000114,Harry Geisinger,Harry,,Geisinger,,,False,ga,,,,http://www.house.ga.gov/SiteCollectionImages/GeisingerHarry110.jpg,2011-10-07 20:03:11.235000,2016-07-26 23:59:17.969000
GAL000118,Mark Hamilton,Mark,,Hamilton,,,False,ga,,,,http://www.house.ga.gov/SiteCollectionImages/HamiltonMark116.jpg,2011-10-07 20:03:11.276000,2016-07-26 23:59:17.982000
GAL000119,Bob Hanner,Bob,,Hanner,,,False,ga,,,,http://www1.legis.ga.gov/legis/2011_12/house/images/members_web_images/hannerBob.jpg,2011-10-07 20:03:11.288000,2013-01-09 00:02:34.171000
GAL000120,Ben Harbin,Ben,,Harbin,,,False,ga,,,,http://www.house.ga.gov/SiteCollectionImages/HarbinBen118.jpg,2011-10-07 20:03:11.298000,2016-07-26 23:59:17.973000
GAL000122,Michael Harden,Michael,,Harden,,,False,ga,,,,http://www1.legis.ga.gov/legis/2011_12/house/images/members_web_images/hardenMichael.jpg,2011-10-07 20:03:11.319000,2013-01-09 00:02:34.175000
GAL000125,Mark Hatfield,Mark,,Hatfield,,,False,ga,,,,http://www1.legis.ga.gov/legis/2011_12/house/images/members_web_images/hatfieldMark.jpg,2011-10-07 20:03:11.350000,2013-01-09 00:02:34.177000
GAL000126,Keith Heard,Keith,,Heard,,,False,ga,,,,http://www1.legis.ga.gov/legis/2011_12/house/images/members_web_images/heardKeith.jpg,2011-10-07 20:03:11.360000,2013-01-09 00:02:34.299000
GAL000127,Joe Heckstall,Joe,,Heckstall,,,False,ga,,,,http://www1.legis.ga.gov/legis/2011_12/house/images/members_web_images/heckstallJoe.jpg,2011-10-07 20:03:11.371000,2013-01-09 00:02:34.178000
GAL000128,Bill Hembree,Bill,,Hembree,,,False,ga,,,,http://www1.legis.ga.gov/legis/2011_12/house/images/members_web_images/hembreeBill.jpg,2011-10-07 20:03:11.381000,2013-01-09 00:02:34.179000
GAL000130,Calvin Hill,Calvin,,Hill,,,False,ga,,,,http://www.house.ga.gov/SiteCollectionImages/HillCalvin125.jpg,2011-10-07 20:03:11.405000,2014-02-11 15:04:31.927000
GAL000133,Doug Holt,Doug,,Holt,,,False,ga,,,,http://www.house.ga.gov/SiteCollectionImages/HoltDoug128.jpg,2011-10-07 20:03:11.436000,2015-01-06 21:49:55.157000
GAL000134,Billy Horne,Billy,,Horne,,,False,ga,,,,http://www1.legis.ga.gov/legis/2011_12/house/images/members_web_images/horneBilly.jpg,2011-10-07 20:03:11.447000,2013-01-09 00:02:34.185000
GAL000137,Sistie Hudson,Sistie,,Hudson,,,False,ga,,,,http://www.house.ga.gov/SiteCollectionImages/HudsonSistie132.jpg,2011-10-07 20:03:11.478000,2013-01-09 00:02:34.186000
GAL000140,Mike Jacobs,Mike,,Jacobs,,,False,ga,,,,http://www.house.ga.gov/SiteCollectionImages/JacobsMike135.jpg,2011-10-07 20:03:11.510000,2016-07-26 23:59:17.970000
GAL000141,Lynmore James,Lynmore,,James,,,False,ga,,,,http://www1.legis.ga.gov/legis/2011_12/house/images/members_web_images/jamesLynmore.jpg,2011-10-07 20:03:11.521000,2013-01-09 00:02:34.189000
GAL000143,Sean Jerguson,Sean,,Jerguson,,,False,ga,,,,http://www1.legis.ga.gov/legis/2011_12/house/images/members_web_images/jergusonSean.jpg,2011-10-07 20:03:11.541000,2013-01-09 00:02:34.194000
GAL000144,Terry Johnson,Terry,,Johnson,,,False,ga,,,,http://www1.legis.ga.gov/legis/2011_12/house/images/members_web_images/johnsonTerry.jpg,2011-10-07 20:03:11.552000,2013-01-09 00:02:34.195000
GAL000147,Darryl Jordan,Darryl,,Jordan,,,False,ga,,,,http://www.house.ga.gov/SiteCollectionImages/JordanDarryl144.jpg,2011-10-07 20:03:11.583000,2016-12-27 23:52:24.522000
GAL000148,Margaret Kaiser,Margaret,,Kaiser,,,False,ga,,,,http://www.house.ga.gov/SiteCollectionImages/KaiserMargaret145.jpg,2011-10-07 20:03:11.593000,2016-12-27 23:52:24.534000
GAL000150,"E. Culver ""Rusty"" Kidd","E. Culver ""Rusty""",,Kidd,,,False,ga,,,,http://www.house.ga.gov/SiteCollectionImages/KiddRusty742.jpg,2011-10-07 20:03:11.615000,2016-12-27 23:52:24.526000
GAL000152,Roger Lane,Roger,,Lane,,,False,ga,,,,http://www1.legis.ga.gov/legis/2011_12/house/images/members_web_images/laneRoger.jpg,2011-10-07 20:03:11.636000,2013-01-09 00:02:34.201000
GAL000153,Edward Lindsey,Edward,,Lindsey,,,False,ga,,,,http://www.house.ga.gov/SiteCollectionImages/LindseyEdward154.jpg,2011-10-07 20:03:11.646000,2015-01-06 21:49:55.178000
GAL000154,Ralph Long,Ralph,,Long,,,False,ga,,,,http://www1.legis.ga.gov/legis/2011_12/house/images/members_web_images/longRalph.jpg,2011-10-07 20:03:11.657000,2013-01-09 00:02:34.202000
GAL000155,Billy Maddox,Billy,,Maddox,,,False,ga,,,,http://www1.legis.ga.gov/legis/2011_12/house/images/members_web_images/maddoxBilly.jpg,2011-10-07 20:03:11.667000,2013-01-09 00:02:34.203000
GAL000156,Gene Maddox,Gene,,Maddox,,,False,ga,,,,http://www1.legis.ga.gov/legis/2011_12/house/images/members_web_images/maddoxGene.jpg,2011-10-07 20:03:11.678000,2013-01-09 00:02:34.204000
GAL000157,Judy Manning,Judy,,Manning,,,False,ga,,,,http://www1.legis.ga.gov/legis/2011_12/house/images/members_web_images/manningJudy.jpg,2011-10-07 20:03:11.688000,2013-01-09 00:02:34.205000
GAL000161,Rahn Mayo,Rahn,,Mayo,,,False,ga,,,,http://www.house.ga.gov/SiteCollectionImages/MayoRahn730.jpg,2011-10-07 20:03:11.730000,2016-12-27 23:52:24.541000
GAL000162,Tony McBrayer,Tony,,McBrayer,,,False,ga,,,,http://www1.legis.ga.gov/legis/2011_12/house/images/members_web_images/mcbrayerTony.jpg,2011-10-07 20:03:11.740000,2013-01-09 00:02:34.209000
GAL000164,Doug McKillip,Doug,,McKillip,,,False,ga,,,,http://www1.legis.ga.gov/legis/2011_12/house/images/members_web_images/mckillipDoug.jpg,2011-10-07 20:03:11.761000,2013-01-09 00:02:34.211000
GAL000166,James Mills,James,,Mills,,,False,ga,,,,http://www1.legis.ga.gov/legis/2011_12/house/images/members_web_images/millsJames.jpg,2011-10-07 20:03:11.782000,2013-01-09 00:02:34.212000
GAL000168,Alisha Morgan,Alisha,,Morgan,,,False,ga,,,,http://www.house.ga.gov/SiteCollectionImages/MorganAlisha173.jpg,2011-10-07 20:03:11.803000,2015-01-06 21:49:55.175000
GAL000171,Quincy Murphy,Quincy,,Murphy,,,False,ga,,,,http://www.house.ga.gov/SiteCollectionImages/MurphyQuincy177.jpg,2011-10-07 20:03:11.835000,2013-12-16 15:04:08.889000
GAL000172,Jay Neal,Jay,,Neal,,,False,ga,,,,http://www.house.ga.gov/SiteCollectionImages/NealJay178.jpg,2011-10-07 20:03:11.845000,2014-02-11 15:02:25.336000
GAL000173,Yasmin Neal,Yasmin,,Neal,,,False,ga,,,,http://www1.legis.ga.gov/legis/2011_12/house/images/members_web_images/nealYasmin.jpg,2011-10-07 20:03:11.856000,2013-01-09 00:02:34.217000
GAL000177,Larry O’Neal,Larry,,O`Neal,,,False,ga,,,,http://www.house.ga.gov/SiteCollectionImages/O`NealLarry180.jpg,2011-10-07 20:03:11.897000,2016-07-26 23:59:17.981000
GAL000178,B.J. Pak,B.J.,,Pak,,,False,ga,,,,http://www.house.ga.gov/SiteCollectionImages/PakB.J.774.jpg,2011-10-07 20:03:11.908000,2016-12-27 23:52:24.517000
GAL000186,Ann Purcell,Ann,,Purcell,,,False,ga,,,,http://www1.legis.ga.gov/legis/2011_12/house/images/members_web_images/purcellAnn.jpg,2011-10-07 20:03:12.009000,2013-01-09 00:02:34.230000
GAL000188,Matt Ramsey,Matt,,Ramsey,,,False,ga,,,,http://www.house.ga.gov/SiteCollectionImages/RamseyMatt190.jpg,2011-10-07 20:03:12.030000,2016-12-27 23:52:24.535000
GAL000189,Nikki Randall,Nikki,,Randall,,,False,ga,,,,http://www.house.ga.gov/SiteCollectionImages/RandallNikki191.jpg,2011-10-07 20:03:12.040000,2016-12-27 23:52:24.539000
GAL000190,Barbara Massey Reece,Barbara Massey,,Reece,,,False,ga,,,,http://www1.legis.ga.gov/legis/2011_12/house/images/members_web_images/reeceBarbaraMassey.jpg,2011-10-07 20:03:12.051000,2013-01-09 00:02:34.232000
GAL000191,Tom Rice,Tom,,Rice,,,False,ga,,,,http://www.house.ga.gov/SiteCollectionImages/RiceTom194.jpg,2011-10-07 20:03:12.061000,2016-12-27 23:52:24.568000
GAL000192,Lynne Riley,Lynne,,Riley,,,False,ga,,,,http://www.house.ga.gov/SiteCollectionImages/RileyLynne763.jpg,2011-10-07 20:03:12.071000,2015-01-06 21:49:55.176000
GAL000193,Jay Roberts,Jay,,Roberts,,,False,ga,,,,http://www.house.ga.gov/SiteCollectionImages/RobertsJay195.jpg,2011-10-07 20:03:12.082000,2016-07-26 23:59:17.980000
GAL000194,Carl Rogers,Carl,,Rogers,,,False,ga,,,,http://www.house.ga.gov/SiteCollectionImages/RogersCarl196.jpg,2011-10-07 20:03:12.092000,2016-12-27 23:52:24.520000
GAL000196,Martin Scott,Martin,,Scott,,,False,ga,,,,http://www1.legis.ga.gov/legis/2011_12/house/images/members_web_images/scottMartin.jpg,2011-10-07 20:03:12.113000,2013-01-09 00:02:34.236000
GAL000200,Donna Sheldon,Donna,,Sheldon,,,False,ga,,,,http://www.house.ga.gov/SiteCollectionImages/SheldonDonna205.jpg,2011-10-07 20:03:12.156000,2014-11-05 03:18:04.238000
GAL000201,Barbara Sims,Barbara,,Sims,,,False,ga,,,,http://www.house.ga.gov/SiteCollectionImages/SimsBarbara207.jpg,2011-10-07 20:03:12.167000,2016-12-27 23:52:24.518000
GAL000202,Chuck Sims,Chuck,,Sims,,,False,ga,,,,http://www.house.ga.gov/SiteCollectionImages/SimsChuck208.jpg,2011-10-07 20:03:12.177000,2015-01-06 21:49:55.168000
GAL000203,Earnest Smith,Earnest,,Smith,,,False,ga,,,,http://www.house.ga.gov/SiteCollectionImages/SmithEarnest731.jpg,2011-10-07 20:03:12.187000,2016-12-27 23:52:24.527000
GAL000204,Kip Smith,Kip,,Smith,,,False,ga,,,,http://www1.legis.ga.gov/legis/2011_12/house/images/members_web_images/smithKip.jpg,2011-10-07 20:03:12.198000,2013-01-09 00:02:34.264000
GAL000207,Tommy Smith,Tommy,,Smith,,,False,ga,,,,http://www1.legis.ga.gov/legis/2011_12/house/images/members_web_images/smithTommy.jpg,2011-10-07 20:03:12.229000,2013-01-09 00:02:34.273000
GAL000213,Willie Talton,Willie,,Talton,,,False,ga,,,,http://www.house.ga.gov/SiteCollectionImages/TaltonWillie221.jpg,2011-10-07 20:03:12.293000,2015-01-06 21:49:55.160000
GAL000216,Rashad Taylor,Rashad,,Taylor,,,False,ga,,,,http://www1.legis.ga.gov/legis/2011_12/house/images/members_web_images/taylorRashad.jpg,2011-10-07 20:03:12.324000,2013-01-09 00:02:34.284000
GAL000219,Brian Thomas,Brian,,Thomas,,,False,ga,,,,http://www.house.ga.gov/SiteCollectionImages/ThomasBrian223.jpg,2011-10-07 20:03:12.358000,2014-11-05 03:18:04.239000
GAL000220,Gloria Tinubu,Gloria,,Tinubu,,,False,ga,,,,http://www1.legis.ga.gov/legis/2011_12/house/images/members_web_images/tinubuGloria.jpg,2011-10-07 20:03:12.368000,2013-01-09 00:02:34.286000
GAL000221,Len Walker,Len,,Walker,,,False,ga,,,,http://www1.legis.ga.gov/legis/2011_12/house/images/members_web_images/walkerlen.jpg,2011-10-07 20:03:12.378000,2013-01-09 00:02:34.287000
GAL000224,Tom Weldon,Tom,,Weldon,,,False,ga,,,,http://www.house.ga.gov/SiteCollectionImages/WeldonTom732.jpg,2011-10-07 20:03:12.410000,2016-12-27 23:52:24.569000
GAL000226,Joe Wilkinson,Joe,,Wilkinson,,,False,ga,,,,http://www.house.ga.gov/SiteCollectionImages/WilkinsonJoe228.jpg,2011-10-07 20:03:12.431000,2016-12-27 23:52:24.530000
GAL000231,Roger Williams,Roger,,Williams,,,False,ga,,,,http://www1.legis.ga.gov/legis/2011_12/house/images/members_web_images/williamsRoger.jpg,2011-10-07 20:03:12.483000,2013-01-09 00:02:34.292000
GAL000233,John Yates,John,,Yates,,,False,ga,,,,http://www.house.ga.gov/SiteCollectionImages/YatesJohn235.jpg,2011-10-07 20:03:12.504000,2016-12-27 23:52:24.531000
GAL000237,Mike Crane,Mike,,Crane,,,False,ga,,,,http://www.senate.ga.gov/SiteCollectionImages/CraneMike798.jpg,2011-12-16 00:06:36.767000,2016-12-27 23:52:24.578000
GAL000241,Tonya Anderson,Tonya,,Anderson,,,False,ga,,,,http://www.house.ga.gov/SiteCollectionImages/AndersonTonya807.jpg,2013-01-09 00:02:31.478000,2016-07-26 23:59:17.972000
GAL000261,Jeff Chapman,Jeff,,Chapman,,,False,ga,,,,http://www.house.ga.gov/SiteCollectionImages/ChapmanJeff8.jpg,2013-01-09 00:02:31.793000,2015-01-06 21:49:55.166000
GAL000293,Charles Gregory,Charles,,Gregory,,,False,ga,,,,http://www.house.ga.gov/SiteCollectionImages/GregoryCharles822.jpg,2013-01-09 00:02:32.409000,2015-01-06 21:49:55.174000
GAL000301,Dustin Hightower,Dustin,,Hightower,,,False,ga,,,,http://www.house.ga.gov/SiteCollectionImages/HightowerDustin800.jpg,2013-01-09 00:02:32.515000,2016-12-27 23:52:24.525000
GAL000314,LaDawn Jones,LaDawn,,Jones,,,False,ga,,,,http://www.house.ga.gov/SiteCollectionImages/JonesLaDawn824.jpg,2013-01-09 00:02:32.712000,2016-12-27 23:52:24.533000
GAL000326,Ronnie Mabra,Ronnie,,Mabra,,,False,ga,,,,http://www.house.ga.gov/SiteCollectionImages/MabraRonnie827.jpg,2013-01-09 00:02:32.858000,2016-12-27 23:52:24.542000
GAL000391,Sam Moore,Sam,,Moore,,,False,ga,,,,http://www.house.ga.gov/SiteCollectionImages/MooreSam848.jpg,2014-02-11 02:11:13.204000,2015-01-06 21:49:55.172000
GAL000434,Taylor Bennett,Taylor,,Bennett,,,False,ga,,,,http://www.house.ga.gov/SiteCollectionImages/BennettTaylor2878.jpg,2015-08-29 05:37:13.803000,2016-12-27 23:52:24.565000
GAL000439,JaNice VanNess,JaNice,,VanNess,,,False,ga,,,,http://www.senate.ga.gov/SiteCollectionImages/VanNessJaNice4877.jpg,2016-01-05 06:53:29.746000,2016-12-27 23:52:24.576000
GAL000062,Rick Austin,Rick,,Austin,,,False,ga,lower,,,http://www1.legis.ga.gov/legis/2011_12/house/images/members_web_images/austinRick.jpg,2011-10-07 20:03:10.584000,2012-12-07 14:57:45.744000
GAL000056,Stacey Abrams,Stacey,,Abrams,,,True,ga,lower,89,Democratic,http://www.house.ga.gov/SiteCollectionImages/AbramsStacey58.jpg,2011-10-07 20:03:10.520000,2017-06-01 06:26:51.758000
GAL000064,Paul Battles,Paul,,Battles,,,True,ga,lower,15,Republican,http://www.house.ga.gov/SiteCollectionImages/BattlesPaul734.jpg,2011-10-07 20:03:10.618000,2017-06-01 06:26:51.212000
GAL000066,Sharon Beasley-Teague,Sharon,,Beasley-Teague,,,True,ga,lower,65,Democratic,http://www.house.ga.gov/SiteCollectionImages/Beasley-TeagueSharon63.jpg,2011-10-07 20:03:10.644000,2017-06-01 06:26:51.684000
GAL000069,Tommy Benton,Tommy,,Benton,,,True,ga,lower,31,Republican,http://www.house.ga.gov/SiteCollectionImages/BentonTommy65.jpg,2011-10-07 20:03:10.676000,2017-06-01 06:26:51.975000
GAL000070,James Beverly,James,,Beverly,,,True,ga,lower,143,Democratic,http://www.house.ga.gov/SiteCollectionImages/BeverlyJames793.jpg,2011-10-07 20:03:10.686000,2017-06-01 06:26:51.530000
GAL000073,Buzz Brockway,Buzz,,Brockway,,,True,ga,lower,102,Republican,http://www.house.ga.gov/SiteCollectionImages/BrockwayBuzz773.jpg,2011-10-07 20:03:10.719000,2017-06-01 06:26:51.982000
GAL000075,Roger Bruce,Roger,,Bruce,,,True,ga,lower,61,Democratic,http://www.house.ga.gov/SiteCollectionImages/BruceRoger69.jpg,2011-10-07 20:03:10.739000,2017-06-01 06:26:51.681000
GAL000077,Debbie Buckner,Debbie,,Buckner,,,True,ga,lower,137,Democratic,http://www.house.ga.gov/SiteCollectionImages/BucknerDebbie71.jpg,2011-10-07 20:03:10.762000,2017-06-01 06:26:51.830000
GAL000078,Jon Burns,Jon,,Burns,,,True,ga,lower,159,Republican,http://www.house.ga.gov/SiteCollectionImages/BurnsJon73.jpg,2011-10-07 20:03:10.773000,2017-06-01 06:26:51.746000
GAL000080,Amy Carter,Amy,,Carter,,,True,ga,lower,175,Republican,http://www.house.ga.gov/SiteCollectionImages/CarterAmy76.jpg,2011-10-07 20:03:10.793000,2017-06-01 06:26:51.996000
GAL000081,David Casas,David,,Casas,,,True,ga,lower,107,Republican,http://www.house.ga.gov/SiteCollectionImages/CasasDavid78.jpg,2011-10-07 20:03:10.804000,2017-06-01 06:26:51.985000
GAL000086,Brooks Coleman,Brooks,,Coleman,,,True,ga,lower,97,Republican,http://www.house.ga.gov/SiteCollectionImages/ColemanBrooks84.jpg,2011-10-07 20:03:10.858000,2017-06-01 06:26:51.971000
GAL000088,Kevin Cooke,Kevin,,Cooke,,,True,ga,lower,18,Republican,http://www.house.ga.gov/SiteCollectionImages/CookeKevin757.jpg,2011-10-07 20:03:10.879000,2017-06-01 06:26:51.580000
GAL000089,Christian Coomer,Christian,,Coomer,,,True,ga,lower,14,Republican,http://www.house.ga.gov/SiteCollectionImages/CoomerChristian756.jpg,2011-10-07 20:03:10.889000,2017-06-01 06:26:51.743000
GAL000090,Sharon Cooper,Sharon,,Cooper,,,True,ga,lower,43,Republican,http://www.house.ga.gov/SiteCollectionImages/CooperSharon86.jpg,2011-10-07 20:03:10.900000,2017-06-01 06:26:51.425000
GAL000094,Katie Dempsey,Katie,,Dempsey,,,True,ga,lower,13,Republican,http://www.house.ga.gov/SiteCollectionImages/DempseyKatie92.jpg,2011-10-07 20:03:10.942000,2017-06-01 06:26:51.432000
GAL000095,Pamela Dickerson,Pam,,Dickerson,,,True,ga,lower,113,Democratic,http://www.house.ga.gov/SiteCollectionImages/DickersonPam771.jpg,2011-10-07 20:03:10.953000,2017-06-01 06:26:52.008000
GAL000096,Robert Dickey,Robert,,Dickey,,,True,ga,lower,140,Republican,http://www.house.ga.gov/SiteCollectionImages/DickeyRobert791.jpg,2011-10-07 20:03:10.967000,2017-06-01 06:26:51.856000
GAL000099,Matt Dollar,Matt,,Dollar,,,True,ga,lower,45,Republican,http://www.house.ga.gov/SiteCollectionImages/DollarMatt94.jpg,2011-10-07 20:03:10.997000,2017-06-01 06:26:51.252000
GAL000100,Karla Drenner,Karla,,Drenner,,,True,ga,lower,85,Democratic,http://www.house.ga.gov/SiteCollectionImages/DrennerKarla95.jpg,2011-10-07 20:03:11.008000,2017-06-01 06:26:51.851000
GAL000102,Winfred Dukes,Winfred,,Dukes,,,True,ga,lower,154,Democratic,http://www.house.ga.gov/SiteCollectionImages/DukesWinfred96.jpg,2011-10-07 20:03:11.028000,2017-06-01 06:26:51.509000
GAL000104,Earl Ehrhart,Earl,,Ehrhart,,,True,ga,lower,36,Republican,http://www.house.ga.gov/SiteCollectionImages/EhrhartEarl97.jpg,2011-10-07 20:03:11.049000,2017-06-01 06:26:51.661000
GAL000105,Terry England,Terry,,England,,,True,ga,lower,116,Republican,http://www.house.ga.gov/SiteCollectionImages/EnglandTerry98.jpg,2011-10-07 20:03:11.059000,2017-06-01 06:26:51.990000
GAL000106,Bubber Epps,Bubber,,Epps,,,True,ga,lower,144,Republican,http://www.house.ga.gov/SiteCollectionImages/EppsJames733.jpg,2011-10-07 20:03:11.147000,2017-06-01 06:26:09.966000
GAL000108,Stacey Evans,Stacey,,Evans,,,True,ga,lower,42,Democratic,http://www.house.ga.gov/SiteCollectionImages/EvansStacey762.jpg,2011-10-07 20:03:11.172000,2017-06-01 06:26:51.756000
GAL000111,Gloria Frazier,Gloria,,Frazier,,,True,ga,lower,126,Democratic,http://www.house.ga.gov/SiteCollectionImages/FrazierGloria107.jpg,2011-10-07 20:03:11.203000,2017-06-01 06:26:51.591000
GAL000113,Pat Gardner,Pat,,Gardner,,,True,ga,lower,57,Democratic,http://www.house.ga.gov/SiteCollectionImages/GardnerPat109.jpg,2011-10-07 20:03:11.224000,2017-06-01 06:26:51.864000
GAL000115,Rich Golick,Rich,,Golick,,,True,ga,lower,40,Republican,http://www.house.ga.gov/SiteCollectionImages/GolickRich112.jpg,2011-10-07 20:03:11.245000,2017-06-01 06:26:51.465000
GAL000116,J. Craig Gordon,J. Craig,,Gordon,,,True,ga,lower,163,Democratic,http://www.house.ga.gov/SiteCollectionImages/GordonJ. Craig113.jpg,2011-10-07 20:03:11.255000,2017-06-01 06:26:51.490000
GAL000117,Gerald Greene,Gerald,,Greene,,,True,ga,lower,151,Republican,http://www.house.ga.gov/SiteCollectionImages/GreeneGerald115.jpg,2011-10-07 20:03:11.266000,2017-06-01 06:26:51.593000
GAL000121,Buddy Harden,Buddy,,Harden,,,True,ga,lower,148,Republican,http://www.house.ga.gov/SiteCollectionImages/HardenBuddy724.jpg,2011-10-07 20:03:11.309000,2017-06-01 06:26:51.816000
GAL000123,Brett Harrell,Brett,,Harrell,,,True,ga,lower,106,Republican,http://www.house.ga.gov/SiteCollectionImages/HarrellBrett776.jpg,2011-10-07 20:03:11.329000,2017-06-01 06:26:51.402000
GAL000124,Matt Hatchett,Matt,,Hatchett,,,True,ga,lower,150,Republican,http://www.house.ga.gov/SiteCollectionImages/HatchettMatt781.jpg,2011-10-07 20:03:11.340000,2017-06-01 06:26:51.775000
GAL000129,Michele Henson,Michele,,Henson,,,True,ga,lower,86,Democratic,http://www.house.ga.gov/SiteCollectionImages/HensonMichele124.jpg,2011-10-07 20:03:11.394000,2017-06-01 06:26:50.561000
GAL000131,Scott Holcomb,Scott,,Holcomb,,,True,ga,lower,81,Democratic,http://www.house.ga.gov/SiteCollectionImages/HolcombScott769.jpg,2011-10-07 20:03:11.415000,2017-06-01 06:26:51.569000
GAL000132,Susan Holmes,Susan,,Holmes,,,True,ga,lower,129,Republican,http://www.house.ga.gov/SiteCollectionImages/HolmesSusan780.jpg,2011-10-07 20:03:11.426000,2017-06-01 06:26:51.507000
GAL000135,Penny Houston,Penny,,Houston,,,True,ga,lower,170,Republican,http://www.house.ga.gov/SiteCollectionImages/HoustonPenny130.jpg,2011-10-07 20:03:11.457000,2017-06-01 06:26:50.812000
GAL000136,Wayne Howard,"Henry ""Wayne""",,Howard,,,True,ga,lower,124,Democratic,http://www.house.ga.gov/SiteCollectionImages/HowardWayne131.jpg,2011-10-07 20:03:11.467000,2017-06-01 06:26:51.980000
GAL000138,Carolyn Hugley,Carolyn,,Hugley,,,True,ga,lower,136,Democratic,http://www.house.ga.gov/SiteCollectionImages/HugleyCarolyn133.jpg,2011-10-07 20:03:11.488000,2017-06-01 06:26:51.741000
GAL000139,Mack Jackson,Mack,,Jackson,,,True,ga,lower,128,Democratic,http://www.house.ga.gov/SiteCollectionImages/JacksonMack738.jpg,2011-10-07 20:03:11.500000,2017-06-01 06:26:51.565000
GAL000142,Rick Jasperse,Rick,,Jasperse,,,True,ga,lower,11,Republican,http://www.house.ga.gov/SiteCollectionImages/JasperseRick755.jpg,2011-10-07 20:03:11.531000,2017-06-01 06:26:51.588000
GAL000145,Jan Jones,Jan,,Jones,,,True,ga,lower,47,Republican,http://www.house.ga.gov/SiteCollectionImages/JonesJan142.jpg,2011-10-07 20:03:11.562000,2017-06-01 06:26:52.015000
GAL000146,Sheila Jones,Sheila,,Jones,,,True,ga,lower,53,Democratic,http://www.house.ga.gov/SiteCollectionImages/JonesSheila143.jpg,2011-10-07 20:03:11.572000,2017-06-01 06:26:51.326000
GAL000149,Dar’shun Kendrick,Dar'shun,,Kendrick,,,True,ga,lower,93,Democratic,http://www.house.ga.gov/SiteCollectionImages/KendrickDar'shun770.jpg,2011-10-07 20:03:11.605000,2017-06-01 06:26:51.343000
GAL000151,David Knight,David,,Knight,,,True,ga,lower,130,Republican,http://www.house.ga.gov/SiteCollectionImages/KnightDavid148.jpg,2011-10-07 20:03:11.626000,2017-06-01 06:26:51.676000
GAL000158,"Pedro ""Pete"" Marin","Pedro ""Pete""",,Marin,,,True,ga,lower,96,Democratic,http://www.house.ga.gov/SiteCollectionImages/MarinPedro163.jpg,2011-10-07 20:03:11.698000,2017-06-01 06:26:10.110000
GAL000159,Chuck Martin,Chuck,,Martin,,,True,ga,lower,49,Republican,http://www.house.ga.gov/SiteCollectionImages/MartinCharles164.jpg,2011-10-07 20:03:11.709000,2017-06-01 06:26:51.458000
GAL000160,Howard Maxwell,Howard,,Maxwell,,,True,ga,lower,17,Republican,http://www.house.ga.gov/SiteCollectionImages/MaxwellHoward165.jpg,2011-10-07 20:03:11.720000,2017-06-01 06:26:52.006000
GAL000163,Tom McCall,Tom,,McCall,,,True,ga,lower,33,Republican,http://www.house.ga.gov/SiteCollectionImages/McCallTom167.jpg,2011-10-07 20:03:11.751000,2017-06-01 06:26:51.835000
GAL000165,John Meadows,John,,Meadows,,,True,ga,lower,5,Republican,http://www.house.ga.gov/SiteCollectionImages/MeadowsJohn169.jpg,2011-10-07 20:03:11.772000,2017-06-01 06:26:51.695000
GAL000167,Billy Mitchell,Billy,,Mitchell,,,True,ga,lower,88,Democratic,http://www.house.ga.gov/SiteCollectionImages/MitchellBilly172.jpg,2011-10-07 20:03:11.792000,2017-06-01 06:26:50.641000
GAL000169,Greg Morris,Greg,,Morris,,,True,ga,lower,156,Republican,http://www.house.ga.gov/SiteCollectionImages/MorrisGreg174.jpg,2011-10-07 20:03:11.815000,2017-06-01 06:26:51.828000
GAL000170,Howard Mosby,Howard,,Mosby,,,True,ga,lower,83,Democratic,http://www.house.ga.gov/SiteCollectionImages/MosbyHoward175.jpg,2011-10-07 20:03:11.825000,2017-06-01 06:26:51.717000
GAL000174,Chad Nimmer,Chad,,Nimmer,,,True,ga,lower,178,Republican,http://www.house.ga.gov/SiteCollectionImages/NimmerChad790.jpg,2011-10-07 20:03:11.866000,2017-06-01 06:26:51.825000
GAL000175,Randy Nix,Randy,,Nix,,,True,ga,lower,69,Republican,http://www.house.ga.gov/SiteCollectionImages/NixRandy179.jpg,2011-10-07 20:03:11.877000,2017-06-01 06:26:51.987000
GAL000176,Mary Margaret Oliver,Mary Margaret,,Oliver,,,True,ga,lower,82,Democratic,http://www.house.ga.gov/SiteCollectionImages/OliverMary181.jpg,2011-10-07 20:03:11.887000,2017-06-01 06:26:10.086000
GAL000180,Butch Parrish,Butch,,Parrish,,,True,ga,lower,158,Republican,http://www.house.ga.gov/SiteCollectionImages/ParrishButch183.jpg,2011-10-07 20:03:11.945000,2017-06-01 06:26:51.409000
GAL000181,Don Parsons,Don,,Parsons,,,True,ga,lower,44,Republican,http://www.house.ga.gov/SiteCollectionImages/ParsonsDon184.jpg,2011-10-07 20:03:11.955000,2017-06-01 06:26:50.795000
GAL000182,Allen Peake,Allen,,Peake,,,True,ga,lower,141,Republican,http://www.house.ga.gov/SiteCollectionImages/PeakeAllen185.jpg,2011-10-07 20:03:11.966000,2017-06-01 06:26:51.392000
GAL000183,Alan Powell,Alan,,Powell,,,True,ga,lower,32,Republican,http://www.house.ga.gov/SiteCollectionImages/PowellAlan187.jpg,2011-10-07 20:03:11.976000,2017-06-01 06:26:51.732000
GAL000184,Jay Powell,Jay,,Powell,,,True,ga,lower,171,Republican,http://www.house.ga.gov/SiteCollectionImages/PowellJay728.jpg,2011-10-07 20:03:11.986000,2017-06-01 06:26:51.730000
GAL000185,Jimmy Pruett,Jimmy,,Pruett,,,True,ga,lower,149,Republican,http://www.house.ga.gov/SiteCollectionImages/PruettJimmy188.jpg,2011-10-07 20:03:11.999000,2017-06-01 06:26:51.679000
GAL000187,David Ralston,David,,Ralston,,,True,ga,lower,7,Republican,http://www.house.ga.gov/SiteCollectionImages/RalstonDavid189.jpg,2011-10-07 20:03:12.020000,2017-06-01 06:26:09.996000
GAL000195,Ed Rynders,Ed,,Rynders,,,True,ga,lower,152,Republican,http://www.house.ga.gov/SiteCollectionImages/RyndersEd198.jpg,2011-10-07 20:03:12.103000,2017-06-01 06:26:51.714000
GAL000197,Sandra Scott,Sandra,,Scott,,,True,ga,lower,76,Democratic,http://www.house.ga.gov/SiteCollectionImages/ScottSandra766.jpg,2011-10-07 20:03:12.124000,2017-06-01 06:26:51.532000
GAL000198,Ed Setzler,Ed,,Setzler,,,True,ga,lower,35,Republican,http://www.house.ga.gov/SiteCollectionImages/SetzlerEd203.jpg,2011-10-07 20:03:12.135000,2017-06-01 06:26:52.003000
GAL000199,Jason Shaw,Jason,,Shaw,,,True,ga,lower,176,Republican,http://www.house.ga.gov/SiteCollectionImages/ShawJason787.jpg,2011-10-07 20:03:12.145000,2017-06-01 06:26:51.650000
GAL000205,Lynn Smith,Lynn,,Smith,,,True,ga,lower,70,Republican,http://www.house.ga.gov/SiteCollectionImages/SmithLynn212.jpg,2011-10-07 20:03:12.208000,2017-06-01 06:26:51.849000
GAL000206,Richard H. Smith,Richard,,Smith,,,True,ga,lower,134,Republican,http://www.house.ga.gov/SiteCollectionImages/SmithRichard213.jpg,2011-10-07 20:03:12.218000,2017-06-01 06:26:51.858000
GAL000208,Calvin Smyre,Calvin,,Smyre,,,True,ga,lower,135,Democratic,http://www.house.ga.gov/SiteCollectionImages/SmyreCalvin216.jpg,2011-10-07 20:03:12.239000,2017-06-01 06:26:51.474000
GAL000209,Jason Spencer,Jason,,Spencer,,,True,ga,lower,180,Republican,http://www.house.ga.gov/SiteCollectionImages/SpencerJason789.jpg,2011-10-07 20:03:12.251000,2017-06-01 06:26:51.688000
GAL000210,Mickey Stephens,Edward,,Stephens,,Mickey,True,ga,lower,165,Democratic,http://www.house.ga.gov/SiteCollectionImages/StephensMickey743.jpg,2011-10-07 20:03:12.262000,2017-06-01 06:26:51.262000
GAL000211,Ron Stephens,Ron,,Stephens,,,True,ga,lower,164,Republican,http://www.house.ga.gov/SiteCollectionImages/StephensRon219.jpg,2011-10-07 20:03:12.272000,2017-06-01 06:26:51.390000
GAL000212,Pam Stephenson,Pam,,Stephenson,,,True,ga,lower,90,Democratic,http://www.house.ga.gov/SiteCollectionImages/StephensonPam220.jpg,2011-10-07 20:03:12.283000,2017-06-01 06:26:50.999000
GAL000214,Jan Tankersley,Jan,,Tankersley,,,True,ga,lower,160,Republican,http://www.house.ga.gov/SiteCollectionImages/TankersleyJan783.jpg,2011-10-07 20:03:12.303000,2017-06-01 06:26:51.840000
GAL000215,Darlene Taylor,Darlene,,Taylor,,,True,ga,lower,173,Republican,http://www.house.ga.gov/SiteCollectionImages/TaylorDarlene786.jpg,2011-10-07 20:03:12.314000,2017-06-01 06:26:51.698000
GAL000217,Tom Taylor,Tom,,Taylor,,,True,ga,lower,79,Republican,http://www.house.ga.gov/SiteCollectionImages/TaylorTom767.jpg,2011-10-07 20:03:12.334000,2017-06-01 06:26:51.706000
GAL000218,Sam Teasley,Sam,,Teasley,,,True,ga,lower,37,Republican,http://www.house.ga.gov/SiteCollectionImages/TeasleySam761.jpg,2011-10-07 20:03:12.344000,2017-06-01 06:26:51.992000
GAL000223,Andy Welch,Andrew,,Welch,,,True,ga,lower,110,Republican,http://www.house.ga.gov/SiteCollectionImages/WelchAndrew777.jpg,2011-10-07 20:03:12.400000,2017-06-01 06:26:51.363000
GAL000225,David Wilkerson,David,,Wilkerson,,,True,ga,lower,38,Democratic,http://www.house.ga.gov/SiteCollectionImages/WilkersonDavid760.jpg,2011-10-07 20:03:12.421000,2017-06-01 06:26:51.354000
GAL000227,Wendell Willard,Wendell,,Willard,,,True,ga,lower,51,Republican,http://www.house.ga.gov/SiteCollectionImages/WillardWendell229.jpg,2011-10-07 20:03:12.441000,2017-06-01 06:26:51.748000
GAL000228,Al Williams,Al,,Williams,,,True,ga,lower,168,Democratic,http://www.house.ga.gov/SiteCollectionImages/WilliamsAl230.jpg,2011-10-07 20:03:12.452000,2017-06-01 06:26:51.671000
GAL000229,Chuck Williams,Chuck,,Williams,,,True,ga,lower,119,Republican,http://www.house.ga.gov/SiteCollectionImages/WilliamsChuck792.jpg,2011-10-07 20:03:12.462000,2017-06-01 06:26:51.823000
GAL000230,"Earnest ""Coach"" Williams","Earnest ""Coach""",,Williams,,,True,ga,lower,87,Democratic,http://www.house.ga.gov/SiteCollectionImages/WilliamsEarnest231.jpg,2011-10-07 20:03:12.473000,2017-06-01 06:26:10.014000
GAL000232,Bruce Williamson,Bruce,,Williamson,,,True,ga,lower,115,Republican,http://www.house.ga.gov/SiteCollectionImages/WilliamsonBruce778.jpg,2011-10-07 20:03:12.494000,2017-06-01 06:26:51.712000
GAL000234,John Carson,John,,Carson,,,True,ga,lower,46,Republican,http://www.house.ga.gov/SiteCollectionImages/CarsonJohn795.jpg,2011-11-04 00:07:47.600000,2017-06-01 06:26:50.982000
GAL000235,Terry Rogers,Terry,,Rogers,,,True,ga,lower,10,Republican,http://www.house.ga.gov/SiteCollectionImages/RogersTerry796.jpg,2011-11-19 00:06:37.721000,2017-06-01 06:26:51.385000
GAL000240,Kimberly Alexander,Kimberly,,Alexander,,,True,ga,lower,66,Democratic,http://www.house.ga.gov/SiteCollectionImages/AlexanderKimberly806.jpg,2013-01-09 00:02:31.463000,2017-06-01 06:26:51.274000
GAL000242,Mandi L. Ballinger,Mandi,,Ballinger,,,True,ga,lower,23,Republican,http://www.house.ga.gov/SiteCollectionImages/BallingerMandi808.jpg,2013-01-09 00:02:31.509000,2017-06-01 06:26:51.430000
GAL000243,Timothy Barr,Timothy,,Barr,,,True,ga,lower,103,Republican,http://www.house.ga.gov/SiteCollectionImages/BarrTimothy809.jpg,2013-01-09 00:02:31.516000,2017-06-01 06:26:51.838000
GAL000244,Karen Bennett,Karen,,Bennett,,,True,ga,lower,94,Democratic,http://www.house.ga.gov/SiteCollectionImages/BennettKaren810.jpg,2013-01-09 00:02:31.544000,2017-06-01 06:26:50.533000
GAL000245,Patty Bentley,Patty,,Bentley,,,True,ga,lower,139,Democratic,http://www.house.ga.gov/SiteCollectionImages/BentleyPatty811.jpg,2013-01-09 00:02:31.551000,2017-06-01 06:26:51.203000
GAL000248,Bruce Broadrick,Bruce,,Broadrick,,,True,ga,lower,4,Republican,http://www.house.ga.gov/SiteCollectionImages/BroadrickBruce812.jpg,2013-01-09 00:02:31.594000,2017-06-01 06:26:51.669000
GAL000255,Michael Caldwell,Michael,,Caldwell,,,True,ga,lower,20,Republican,http://www.house.ga.gov/SiteCollectionImages/CaldwellMichael814.jpg,2013-01-09 00:02:31.684000,2017-06-01 06:26:50.719000
GAL000256,"Johnnie Caldwell, Jr.",Johnnie,,"Caldwell, Jr.",,,True,ga,lower,131,Republican,"http://www.house.ga.gov/SiteCollectionImages/Caldwell, Jr.Johnnie813.jpg",2013-01-09 00:02:31.691000,2017-06-01 06:26:51.470000
GAL000259,Joyce Chandler,Joyce,,Chandler,,,True,ga,lower,105,Republican,http://www.house.ga.gov/SiteCollectionImages/ChandlerJoyce815.jpg,2013-01-09 00:02:31.778000,2017-06-01 06:26:52.013000
GAL000267,John Deffenbaugh,John,,Deffenbaugh,,,True,ga,lower,1,Republican,http://www.house.ga.gov/SiteCollectionImages/DeffenbaughJohn816.jpg,2013-01-09 00:02:31.906000,2017-06-01 06:26:50.648000
GAL000271,Demetrius Douglas,Demetrius,,Douglas,,,True,ga,lower,78,Democratic,http://www.house.ga.gov/SiteCollectionImages/DouglasDemetrius817.jpg,2013-01-09 00:02:31.952000,2017-06-01 06:26:51.014000
GAL000275,Emory Dunahoo,Emory,,Dunahoo,,,True,ga,lower,30,Republican,http://www.house.ga.gov/SiteCollectionImages/DunahooEmory797.jpg,2013-01-09 00:02:31.985000,2017-06-01 06:26:51.648000
GAL000276,Geoff Duncan,Geoff,,Duncan,,,True,ga,lower,26,Republican,http://www.house.ga.gov/SiteCollectionImages/DuncanGeoff818.jpg,2013-01-09 00:02:31.992000,2017-06-01 06:26:50.779000
GAL000282,Barry Fleming,Barry,,Fleming,,,True,ga,lower,121,Republican,http://www.house.ga.gov/SiteCollectionImages/FlemingBarry101.jpg,2013-01-09 00:02:32.058000,2017-06-01 06:26:51.726000
GAL000285,Spencer Frye,Spencer,,Frye,,,True,ga,lower,118,Democratic,http://www.house.ga.gov/SiteCollectionImages/FryeSpencer819.jpg,2013-01-09 00:02:32.106000,2017-06-01 06:26:51.123000
GAL000287,Dan Gasaway,Dan,,Gasaway,,,True,ga,lower,28,Republican,http://www.house.ga.gov/SiteCollectionImages/GasawayDan820.jpg,2013-01-09 00:02:32.129000,2017-06-01 06:26:51.862000
GAL000288,Mike Glanton,Mike,,Glanton,,,True,ga,lower,75,Democratic,http://www.house.ga.gov/SiteCollectionImages/GlantonMike111.jpg,2013-01-09 00:02:32.151000,2017-06-01 06:26:51.999000
GAL000291,Micah Gravley,Micah,,Gravley,,,True,ga,lower,67,Republican,http://www.house.ga.gov/SiteCollectionImages/GravleyMicah821.jpg,2013-01-09 00:02:32.388000,2017-06-01 06:26:51.596000
GAL000299,Lee Hawkins,Lee,,Hawkins,,,True,ga,lower,27,Republican,http://www.house.ga.gov/SiteCollectionImages/HawkinsLee19.jpg,2013-01-09 00:02:32.474000,2017-06-01 06:26:51.460000
GAL000304,Bill Hitchens,Bill,,Hitchens,,,True,ga,lower,161,Republican,http://www.house.ga.gov/SiteCollectionImages/HitchensBill823.jpg,2013-01-09 00:02:32.553000,2017-06-01 06:26:51.574000
GAL000317,Trey Kelley,Trey,,Kelley,,,True,ga,lower,16,Republican,http://www.house.ga.gov/SiteCollectionImages/KelleyTrey825.jpg,2013-01-09 00:02:32.777000,2017-06-01 06:26:50.786000
GAL000320,Tom Kirby,Tom,,Kirby,,,True,ga,lower,114,Republican,http://www.house.ga.gov/SiteCollectionImages/KirbyTom802.jpg,2013-01-09 00:02:32.801000,2017-06-01 06:26:51.525000
GAL000325,Eddie Lumsden,Eddie,,Lumsden,,,True,ga,lower,12,Republican,http://www.house.ga.gov/SiteCollectionImages/LumsdenEddie826.jpg,2013-01-09 00:02:32.850000,2017-06-01 06:26:51.702000
GAL000341,John Pezold,John,,Pezold,,,True,ga,lower,133,Republican,http://www.house.ga.gov/SiteCollectionImages/PezoldJohn828.jpg,2013-01-09 00:02:33.106000,2017-06-01 06:26:50.585000
GAL000344,Regina Quick,Regina,,Quick,,,True,ga,lower,117,Republican,http://www.house.ga.gov/SiteCollectionImages/QuickRegina829.jpg,2013-01-09 00:02:33.139000,2017-06-01 06:26:51.358000
GAL000350,Dale Rutledge,Dale,,Rutledge,,,True,ga,lower,109,Republican,http://www.house.ga.gov/SiteCollectionImages/RutledgeRoger830.jpg,2013-01-09 00:02:33.235000,2017-06-01 06:26:51.082000
GAL000351,Dexter Sharper,Dexter,,Sharper,,,True,ga,lower,177,Democratic,http://www.house.ga.gov/SiteCollectionImages/SharperDexter831.jpg,2013-01-09 00:02:33.316000,2017-06-01 06:26:51.339000
GAL000355,Michael Smith,Michael,,Smith,,,True,ga,lower,41,Democratic,http://www.house.ga.gov/SiteCollectionImages/SmithMichael832.jpg,2013-01-09 00:02:33.392000,2017-06-01 06:26:51.492000
GAL000360,Valencia Stovall,Valencia,,Stovall,,,True,ga,lower,74,Democratic,http://www.house.ga.gov/SiteCollectionImages/StovallValencia834.jpg,2013-01-09 00:02:33.474000,2017-06-01 06:26:52.011000
GAL000361,Brian Strickland,Brian,,Strickland,,,True,ga,lower,111,Republican,http://www.house.ga.gov/SiteCollectionImages/StricklandBrian835.jpg,2013-01-09 00:02:33.483000,2017-06-01 06:26:50.990000
GAL000364,Kevin Tanner,Kevin,,Tanner,,,True,ga,lower,9,Republican,http://www.house.ga.gov/SiteCollectionImages/TannerKevin836.jpg,2013-01-09 00:02:33.519000,2017-06-01 06:26:52.020000
GAL000366,"""Able"" Mable Thomas","""Able"" Mable",,Thomas,,,True,ga,lower,56,Democratic,http://www.house.ga.gov/SiteCollectionImages/ThomasMable224.jpg,2013-01-09 00:02:33.563000,2017-06-01 06:26:09.938000
GAL000367,Keisha Waites,Keisha,,Waites,,,True,ga,lower,60,Democratic,http://www.house.ga.gov/SiteCollectionImages/WaitesKeisha801.jpg,2013-01-09 00:02:33.632000,2017-06-01 06:26:51.572000
GAL000369,Sam Watson,Sam,,Watson,,,True,ga,lower,172,Republican,http://www.house.ga.gov/SiteCollectionImages/WatsonSam837.jpg,2013-01-09 00:02:33.659000,2017-06-01 06:26:51.833000
GAL000383,Scot Turner,Scot,,Turner,,,True,ga,lower,21,Republican,http://www.house.ga.gov/SiteCollectionImages/TurnerScot842.jpg,2013-02-12 00:13:16.475000,2017-06-01 06:26:51.708000
GAL000385,David Stover,David,,Stover,,,True,ga,lower,71,Republican,http://www.house.ga.gov/SiteCollectionImages/StoverDavid843.jpg,2013-03-12 00:29:07.623000,2017-06-01 06:26:50.417000
GAL000388,Dewey McClain,Dewey,,McClain,,,True,ga,lower,100,Democratic,http://www.house.ga.gov/SiteCollectionImages/McClainDewey845.jpg,2013-12-10 16:40:32.997000,2017-06-01 06:26:50.706000
GAL000389,Chuck Efstration,Chuck,,Efstration,,,True,ga,lower,104,Republican,http://www.house.ga.gov/SiteCollectionImages/EfstrationChuck846.jpg,2013-12-13 22:55:32.738000,2017-06-01 06:26:51.370000
GAL000390,Brian Prince,Brian,,Prince,,,True,ga,lower,127,Democratic,http://www.house.ga.gov/SiteCollectionImages/PrinceBrian847.jpg,2013-12-13 22:55:33.083000,2017-06-01 06:26:51.499000
GAL000392,Steve Tarvin,Steve,,Tarvin,,,True,ga,lower,2,Republican,http://www.house.ga.gov/SiteCollectionImages/TarvinSteve849.jpg,2014-02-11 02:11:13.581000,2017-06-01 06:26:51.655000
GAL000393,David Clark,David,,Clark,,,True,ga,lower,98,Republican,http://www.house.ga.gov/SiteCollectionImages/ClarkDavid867.jpg,2015-01-06 21:49:52.548000,2017-06-01 06:26:50.688000
GAL000394,Erica Thomas,Erica,,Thomas,,,True,ga,lower,39,Democratic,http://www.house.ga.gov/SiteCollectionImages/ThomasErica868.jpg,2015-01-06 21:49:52.599000,2017-06-01 06:26:51.365000
GAL000395,John Corbett,John,,Corbett,,,True,ga,lower,174,Republican,http://www.house.ga.gov/SiteCollectionImages/CorbettJohn859.jpg,2015-01-06 21:49:52.697000,2017-06-01 06:26:51.842000
GAL000397,Bert Reeves,Bert,,Reeves,,,True,ga,lower,34,Republican,http://www.house.ga.gov/SiteCollectionImages/ReevesBert869.jpg,2015-01-06 21:49:53.045000,2017-06-01 06:26:50.932000
GAL000399,Dominic LaRiccia,Dominic,,LaRiccia,,,True,ga,lower,169,Republican,http://www.house.ga.gov/SiteCollectionImages/LaRicciaDominic860.jpg,2015-01-06 21:49:53.143000,2017-06-01 06:26:52.001000
GAL000401,Jesse Petrea,Jesse,,Petrea,,,True,ga,lower,166,Republican,http://www.house.ga.gov/SiteCollectionImages/PetreaJesse862.jpg,2015-01-06 21:49:53.429000,2017-06-01 06:26:51.578000
GAL000405,Dave Belton,Dave,,Belton,,,True,ga,lower,112,Republican,http://www.house.ga.gov/SiteCollectionImages/BeltonDave866.jpg,2015-01-06 21:49:53.608000,2017-06-01 06:26:52.022000
GAL000407,Beth Beskin,Beth,,Beskin,,,True,ga,lower,54,Republican,http://www.house.ga.gov/SiteCollectionImages/BeskinBeth857.jpg,2015-01-06 21:49:53.859000,2017-06-01 06:26:51.973000
GAL000408,Heath Clark,Heath,,Clark,,,True,ga,lower,147,Republican,http://www.house.ga.gov/SiteCollectionImages/ClarkHeath858.jpg,2015-01-06 21:49:53.933000,2017-06-01 06:26:51.567000
GAL000409,Robert Trammell,Robert,,Trammell,,,True,ga,lower,132,Democratic,http://www.house.ga.gov/SiteCollectionImages/TrammellRobert865.jpg,2015-01-06 21:49:54.080000,2017-06-01 06:26:51.693000
GAL000410,Darrel Bush Ealum,Darrel,,Ealum,,,True,ga,lower,153,Democratic,http://www.house.ga.gov/SiteCollectionImages/EalumDarrel864.jpg,2015-01-06 21:49:54.157000,2017-06-01 06:26:51.149000
GAL000412,Paulette Rakestraw,Paulette,,Rakestraw,,,True,ga,lower,19,Republican,http://www.house.ga.gov/SiteCollectionImages/RakestrawPaulette874.jpg,2015-01-06 21:49:54.221000,2017-06-01 06:26:51.495000
GAL000413,Jeff Jones,Jeff,,Jones,,,True,ga,lower,167,Republican,http://www.house.ga.gov/SiteCollectionImages/JonesJeff861.jpg,2015-01-06 21:49:54.342000,2017-06-01 06:26:50.151000
GAL000415,Bill Werkheiser,Bill,,Werkheiser,,,True,ga,lower,157,Republican,http://www.house.ga.gov/SiteCollectionImages/WerkheiserBill863.jpg,2015-01-06 21:49:54.560000,2017-06-01 06:26:51.586000
GAL000416,Wes Cantrell,Wes,,Cantrell,,,True,ga,lower,22,Republican,http://www.house.ga.gov/SiteCollectionImages/CantrellWes870.jpg,2015-01-06 21:49:54.581000,2017-06-01 06:26:52.026000
GAL000425,Trey Rhodes,Trey,,Rhodes,,,True,ga,lower,120,Republican,http://www.house.ga.gov/SiteCollectionImages/RhodesTrey876.jpg,2015-02-11 00:46:32.800000,2017-06-01 06:26:51.657000
GAL000426,Brad Raffensperger,Brad,,Raffensperger,,,True,ga,lower,50,Republican,http://www.house.ga.gov/SiteCollectionImages/RaffenspergerBrad875.jpg,2015-02-11 00:46:33.315000,2017-06-01 06:26:51.345000
GAL000428,Betty Price,Betty,,Price,,,True,ga,lower,48,Republican,http://www.house.ga.gov/SiteCollectionImages/PriceBetty877.jpg,2015-07-24 00:47:19.700000,2017-06-01 06:26:51.719000
GAL000429,Marie Metze,Marie,,Metze,,,True,ga,lower,55,Democratic,http://www.house.ga.gov/SiteCollectionImages/MetzeMarie878.jpg,2015-08-01 00:47:02.061000,2017-06-01 06:26:51.502000
GAL000431,Sheri Gilligan,Sheri,,Gilligan,,,True,ga,lower,24,Republican,http://www.house.ga.gov/SiteCollectionImages/GilliganSheri879.jpg,2015-08-06 00:49:25.073000,2017-06-01 06:26:51.860000
GAL000432,Clay Pirkle,Clay,,Pirkle,,,True,ga,lower,155,Republican,http://www.house.ga.gov/SiteCollectionImages/PirkleClay1877.jpg,2015-08-22 05:39:05.788000,2017-06-01 06:26:51.091000
GAL000433,Shaw Blackmon,Shaw,,Blackmon,,,True,ga,lower,146,Republican,http://www.house.ga.gov/SiteCollectionImages/BlackmonShaw1878.jpg,2015-08-22 05:39:06.098000,2017-06-01 06:26:51.724000
GAL000435,Doreen Carter,Doreen,,Carter,,,True,ga,lower,92,Democratic,http://www.house.ga.gov/SiteCollectionImages/CarterDoreen3877.jpg,2015-11-13 06:36:13.801000,2017-06-01 06:26:51.977000
GAL000437,Jodi Lott,Jodi,,Lott,,,True,ga,lower,122,Republican,http://www.house.ga.gov/SiteCollectionImages/LottJodi4879.jpg,2016-01-05 06:53:28.751000,2017-06-01 06:26:51.328000
GAL000440,Park Cannon,Park,,Cannon,,,True,ga,lower,58,Democratic,http://www.house.ga.gov/SiteCollectionImages/CannonPark4880.jpg,2016-02-23 07:17:57.545000,2017-06-01 06:26:51.126000
GAL000441,Carl Wayne Gilliard,Carl,,Gilliard,,,True,ga,lower,162,Democratic,http://www.house.ga.gov/SiteCollectionImages/GilliardCarl4881.jpg,2016-05-12 06:49:26.933000,2017-06-01 06:26:50.681000
GAL000445,Derrick Jackson,Derrick,,Jackson,,,True,ga,lower,64,Democratic,http://www.house.ga.gov/SiteCollectionImages/JacksonDerrick4891.jpg,2016-12-27 23:52:22.944000,2017-06-01 06:26:50.728000
GAL000446,Brenda Lopez,Brenda,,Lopez,,,True,ga,lower,99,Democratic,http://www.house.ga.gov/SiteCollectionImages/LopezBrenda4900.jpg,2016-12-27 23:52:23.038000,2017-06-01 06:26:52.018000
GAL000447,Debra Bazemore,Debra,,Bazemore,,,True,ga,lower,63,Democratic,http://www.house.ga.gov/SiteCollectionImages/BazemoreDebra4890.jpg,2016-12-27 23:52:23.108000,2017-06-01 06:26:51.818000
GAL000448,Miriam Paris,Miriam,,Paris,,,True,ga,lower,142,Democratic,http://www.house.ga.gov/SiteCollectionImages/ParisMiriam794.jpg,2016-12-27 23:52:23.114000,2017-06-01 06:26:51.994000
GAL000449,Scott Hilton,Scott,,Hilton,,,True,ga,lower,95,Republican,http://www.house.ga.gov/SiteCollectionImages/HiltonScott4899.jpg,2016-12-27 23:52:23.218000,2017-06-01 06:26:52.024000
GAL000450,Matt Dubnik,Matt,,Dubnik,,,True,ga,lower,29,Republican,http://www.house.ga.gov/SiteCollectionImages/DubnikMatt4886.jpg,2016-12-27 23:52:23.243000,2017-06-01 06:26:51.659000
GAL000451,Rhonda Burnough,Rhonda,,Burnough,,,True,ga,lower,77,Democratic,http://www.house.ga.gov/SiteCollectionImages/BurnoughRhonda4895.jpg,2016-12-27 23:52:23.261000,2017-06-01 06:26:51.704000
GAL000452,Renitta Shannon,Renitta,,Shannon,,,True,ga,lower,84,Democratic,http://www.house.ga.gov/SiteCollectionImages/ShannonRenitta4897.jpg,2016-12-27 23:52:23.309000,2017-06-01 06:26:51.700000
GAL000453,Meagan Hanson,Meagan,,Hanson,,,True,ga,lower,80,Republican,http://www.house.ga.gov/SiteCollectionImages/HansonMeagan4896.jpg,2016-12-27 23:52:23.418000,2017-06-01 06:26:51.511000
GAL000454,Don Hogan,Don,,Hogan,,,True,ga,lower,179,Republican,http://www.house.ga.gov/SiteCollectionImages/HoganDon4906.jpg,2016-12-27 23:52:23.436000,2017-06-01 06:26:51.844000
GAL000455,Clay Cox,Clay,,Cox,,,True,ga,lower,108,Republican,http://www.house.ga.gov/SiteCollectionImages/CoxClay87.jpg,2016-12-27 23:52:23.472000,2017-06-01 06:26:51.324000
GAL000456,Matt Gurtler,Matt,,Gurtler,,,True,ga,lower,8,Republican,http://www.house.ga.gov/SiteCollectionImages/GurtlerMatt4884.jpg,2016-12-27 23:52:23.489000,2017-06-01 06:26:51.063000
GAL000457,Bill McGowan,Bill,,McGowan,,,True,ga,lower,138,Democratic,http://www.house.ga.gov/SiteCollectionImages/McGowanBill4904.jpg,2016-12-27 23:52:23.501000,2017-06-01 06:26:51.067000
GAL000459,Sheila Clark Nelson,Sheila,,Nelson,,,True,ga,lower,125,Democratic,http://www.house.ga.gov/SiteCollectionImages/NelsonSheila4903.jpg,2016-12-27 23:52:23.553000,2017-06-01 06:26:50.437000
GAL000460,William Boddie,William,,Boddie,,,True,ga,lower,62,Democratic,http://www.house.ga.gov/SiteCollectionImages/BoddieWilliam4889.jpg,2016-12-27 23:52:23.559000,2017-06-01 06:26:49.358000
GAL000461,Karen Mathiak,Karen,,Mathiak,,,True,ga,lower,73,Republican,http://www.house.ga.gov/SiteCollectionImages/MathiakKaren4894.jpg,2016-12-27 23:52:23.564000,2017-06-01 06:26:50.732000
GAL000462,Sam Park,Sam,,Park,,,True,ga,lower,101,Democratic,http://www.house.ga.gov/SiteCollectionImages/ParkSam4901.jpg,2016-12-27 23:52:23.599000,2017-06-01 06:26:51.010000
GAL000463,Deborah Silcox,Deborah,,Silcox,,,True,ga,lower,52,Republican,http://www.house.ga.gov/SiteCollectionImages/SilcoxDeborah4887.jpg,2016-12-27 23:52:23.604000,2017-06-01 06:26:50.721000
GAL000464,Vernon Jones,Vernon,,Jones,,,True,ga,lower,91,Democratic,http://www.house.ga.gov/SiteCollectionImages/JonesVernon4898.jpg,2016-12-27 23:52:23.658000,2017-06-01 06:26:51.132000
GAL000465,Dewayne Hill,Dewayne,,Hill,,,True,ga,lower,3,Republican,http://www.house.ga.gov/SiteCollectionImages/HillDewayne4882.jpg,2016-12-27 23:52:23.747000,2017-06-01 06:26:51.969000
GAL000466,David Dreyer,David,,Dreyer,,,True,ga,lower,59,Democratic,http://www.house.ga.gov/SiteCollectionImages/DreyerDavid4888.jpg,2016-12-27 23:52:23.770000,2017-06-01 06:26:49.853000
GAL000467,Jason Ridley,Jason,,Ridley,,,True,ga,lower,6,Republican,http://www.house.ga.gov/SiteCollectionImages/RidleyJason4883.jpg,2016-12-27 23:52:23.776000,2017-06-01 06:26:50.637000
GAL000468,Todd Jones,Todd,,Jones,,,True,ga,lower,25,Republican,http://www.house.ga.gov/SiteCollectionImages/JonesTodd4885.jpg,2016-12-27 23:52:23.901000,2017-06-01 06:26:50.293000
GAL000470,J. Collins,J.,,Collins,,,True,ga,lower,68,Republican,http://www.house.ga.gov/SiteCollectionImages/CollinsJ.4892.jpg,2016-12-27 23:52:23.996000,2017-06-01 06:26:51.728000
GAL000471,Josh Bonner,Josh,,Bonner,,,True,ga,lower,72,Republican,http://www.house.ga.gov/SiteCollectionImages/BonnerJosh4893.jpg,2016-12-27 23:52:24.076000,2017-06-01 06:26:51.143000
GAL000472,Rick Williams,Rick,,Williams,,,True,ga,lower,145,Republican,http://www.house.ga.gov/SiteCollectionImages/WilliamsRick4905.jpg,2016-12-27 23:52:24.081000,2017-06-01 06:26:50.992000
GAL000473,Mark Newton,Mark,,Newton,,,True,ga,lower,123,Republican,http://www.house.ga.gov/SiteCollectionImages/NewtonMark4902.jpg,2016-12-27 23:52:24.146000,2017-06-01 06:26:50.572000
GAL000001,John Albers,John,,Albers,,,True,ga,upper,56,Republican,http://www.senate.ga.gov/SiteCollectionImages/AlbersJohn754.jpg,2011-10-07 20:03:09.841000,2017-06-01 06:26:51.606000
GAL000005,Gloria S. Butler,Gloria,,Butler,,,True,ga,upper,55,Democratic,http://www.senate.ga.gov/SiteCollectionImages/ButlerGloria5.jpg,2011-10-07 20:03:09.899000,2017-06-01 06:26:51.916000
GAL000009,Bill Cowsert,Bill,,Cowsert,,,True,ga,upper,46,Republican,http://www.senate.ga.gov/SiteCollectionImages/CowsertBill9.jpg,2011-10-07 20:03:09.948000,2017-06-01 06:26:51.901000
GAL000011,Gail Davenport,Gail,,Davenport,,,True,ga,upper,44,Democratic,http://www.senate.ga.gov/SiteCollectionImages/DavenportGail10.jpg,2011-10-07 20:03:09.970000,2017-06-01 06:26:50.937000
GAL000013,Vincent Fort,Vincent,,Fort,,,True,ga,upper,39,Democratic,http://www.senate.ga.gov/SiteCollectionImages/FortVincent12.jpg,2011-10-07 20:03:09.992000,2017-06-01 06:26:51.887000
GAL000014,Frank Ginn,Frank,,Ginn,,,True,ga,upper,47,Republican,http://www.senate.ga.gov/SiteCollectionImages/GinnFrank751.jpg,2011-10-07 20:03:10.006000,2017-06-01 06:26:51.951000
GAL000017,Steve Gooch,Steve,,Gooch,,,True,ga,upper,51,Republican,http://www.senate.ga.gov/SiteCollectionImages/GoochSteve752.jpg,2011-10-07 20:03:10.037000,2017-06-01 06:26:51.927000
GAL000020,Ed Harbison,Ed,,Harbison,,,True,ga,upper,15,Democratic,http://www.senate.ga.gov/SiteCollectionImages/HarbisonEd17.jpg,2011-10-07 20:03:10.068000,2017-06-01 06:26:52.053000
GAL000021,Bill Heath,Bill,,Heath,,,True,ga,upper,31,Republican,http://www.senate.ga.gov/SiteCollectionImages/HeathBill20.jpg,2011-10-07 20:03:10.099000,2017-06-01 06:26:51.959000
GAL000022,Steve Henson,Steve,,Henson,,,True,ga,upper,41,Democratic,http://www.senate.ga.gov/SiteCollectionImages/HensonSteve21.jpg,2011-10-07 20:03:10.120000,2017-06-01 06:26:51.942000
GAL000023,Jack Hill,Jack,,Hill,,,True,ga,upper,4,Republican,http://www.senate.ga.gov/SiteCollectionImages/HillJack22.jpg,2011-10-07 20:03:10.131000,2017-06-01 06:26:51.949000
GAL000027,Lester G. Jackson,Lester,,Jackson,,,True,ga,upper,2,Democratic,http://www.senate.ga.gov/SiteCollectionImages/JacksonLester134.jpg,2011-10-07 20:03:10.172000,2017-06-01 06:26:51.631000
GAL000028,Donzella James,Donzella,,James,,,True,ga,upper,35,Democratic,http://www.senate.ga.gov/SiteCollectionImages/JamesDonzella372.jpg,2011-10-07 20:03:10.182000,2017-06-01 06:26:50.213000
GAL000029,Rick Jeffares,Rick,,Jeffares,,,True,ga,upper,17,Republican,http://www.senate.ga.gov/SiteCollectionImages/JeffaresRick747.jpg,2011-10-07 20:03:10.192000,2017-06-01 06:26:51.947000
GAL000030,Emanuel Jones,Emanuel,,Jones,,,True,ga,upper,10,Democratic,http://www.senate.ga.gov/SiteCollectionImages/JonesEmanuel28.jpg,2011-10-07 20:03:10.203000,2017-06-01 06:26:52.055000
GAL000031,William T. Ligon,William,,"Ligon, Jr.",,,True,ga,upper,3,Republican,"http://www.senate.ga.gov/SiteCollectionImages/Ligon, Jr.William746.jpg",2011-10-07 20:03:10.220000,2017-06-01 06:26:52.033000
GAL000033,Joshua McKoon,Joshua,,McKoon,,,True,ga,upper,29,Republican,http://www.senate.ga.gov/SiteCollectionImages/McKoonJoshua749.jpg,2011-10-07 20:03:10.240000,2017-06-01 06:26:51.807000
GAL000034,Fran Millar,Fran,,Millar,,,True,ga,upper,40,Republican,http://www.senate.ga.gov/SiteCollectionImages/MillarFran170.jpg,2011-10-07 20:03:10.250000,2017-06-01 06:26:51.027000
GAL000035,Butch Miller,Butch,,Miller,,,True,ga,upper,49,Republican,http://www.senate.ga.gov/SiteCollectionImages/MillerButch719.jpg,2011-10-07 20:03:10.279000,2017-06-01 06:26:52.040000
GAL000036,Jeff Mullis,Jeff,,Mullis,,,True,ga,upper,53,Republican,http://www.senate.ga.gov/SiteCollectionImages/MullisJeff31.jpg,2011-10-07 20:03:10.300000,2017-06-01 06:26:50.345000
GAL000038,Nan Orrock,Nan,,Orrock,,,True,ga,upper,36,Democratic,http://www.senate.ga.gov/SiteCollectionImages/OrrockNan33.jpg,2011-10-07 20:03:10.327000,2017-06-01 06:26:51.617000
GAL000042,Valencia Seay,Valencia,,Seay,,,True,ga,upper,34,Democratic,http://www.senate.ga.gov/SiteCollectionImages/SeayValencia41.jpg,2011-10-07 20:03:10.373000,2017-06-01 06:26:51.925000
GAL000043,David Shafer,David,,Shafer,,,True,ga,upper,48,Republican,http://www.senate.ga.gov/SiteCollectionImages/ShaferDavid42.jpg,2011-10-07 20:03:10.384000,2017-06-01 06:26:52.045000
GAL000044,Freddie Powell Sims,Freddie Powell,,Sims,,,True,ga,upper,12,Democratic,http://www.senate.ga.gov/SiteCollectionImages/SimsFreddie209.jpg,2011-10-07 20:03:10.394000,2017-06-01 06:26:10.190000
GAL000046,Jesse Stone,Jesse,,Stone,,,True,ga,upper,23,Republican,http://www.senate.ga.gov/SiteCollectionImages/StoneJesse748.jpg,2011-10-07 20:03:10.415000,2017-06-01 06:26:52.048000
GAL000048,Horacena Tate,Horacena,,Tate,,,True,ga,upper,38,Democratic,http://www.senate.ga.gov/SiteCollectionImages/TateHoracena47.jpg,2011-10-07 20:03:10.436000,2017-06-01 06:26:51.877000
GAL000049,Curt Thompson,Curt,,Thompson,,,True,ga,upper,5,Democratic,http://www.senate.ga.gov/SiteCollectionImages/ThompsonCurt50.jpg,2011-10-07 20:03:10.447000,2017-06-01 06:26:51.785000
GAL000051,Lindsey Tippins,Lindsey,,Tippins,,,True,ga,upper,37,Republican,http://www.senate.ga.gov/SiteCollectionImages/TippinsLindsey750.jpg,2011-10-07 20:03:10.468000,2017-06-01 06:26:51.954000
GAL000053,Renee S Unterman,Renee,,Unterman,,,True,ga,upper,45,Republican,http://www.senate.ga.gov/SiteCollectionImages/UntermanRenee53.jpg,2011-10-07 20:03:10.489000,2017-06-01 06:26:51.621000
GAL000071,Ellis Black,Ellis,,Black,,,True,ga,upper,8,Republican,http://www.senate.ga.gov/SiteCollectionImages/BlackEllis66.jpg,2011-10-07 20:03:10.697000,2017-06-01 06:26:51.540000
GAL000179,Elena Parent,Elena,,Parent,,,True,ga,upper,42,Democratic,http://www.senate.ga.gov/SiteCollectionImages/ParentElena768.jpg,2011-10-07 20:03:11.935000,2017-06-01 06:26:51.797000
GAL000222,Ben Watson,Ben,,Watson,,,True,ga,upper,1,Republican,http://www.senate.ga.gov/SiteCollectionImages/WatsonBen784.jpg,2011-10-07 20:03:12.389000,2017-06-01 06:26:51.907000
GAL000238,John Wilkinson,John,,Wilkinson,,,True,ga,upper,50,Republican,http://www.senate.ga.gov/SiteCollectionImages/WilkinsonJohn799.jpg,2012-01-06 20:41:37.026000,2017-06-01 06:26:51.956000
GAL000297,Tyler Harper,Tyler,,Harper,,,True,ga,upper,7,Republican,http://www.senate.ga.gov/SiteCollectionImages/HarperTyler804.jpg,2013-01-09 00:02:32.450000,2017-06-01 06:26:51.961000
GAL000303,Hunter Hill,Hunter,,Hill,,,True,ga,upper,6,Republican,http://www.senate.ga.gov/SiteCollectionImages/HillHunter803.jpg,2013-01-09 00:02:32.530000,2017-06-01 06:26:51.892000
GAL000308,Chuck Hufstetler,Chuck,,Hufstetler,,,True,ga,upper,52,Republican,http://www.senate.ga.gov/SiteCollectionImages/HufstetlerChuck838.jpg,2013-01-09 00:02:32.608000,2017-06-01 06:26:51.633000
GAL000312,Burt Jones,Burt,,Jones,,,True,ga,upper,25,Republican,http://www.senate.ga.gov/SiteCollectionImages/JonesBurt805.jpg,2013-01-09 00:02:32.688000,2017-06-01 06:26:52.036000
GAL000324,David Lucas,David,,Lucas,,,True,ga,upper,26,Democratic,http://www.senate.ga.gov/SiteCollectionImages/LucasDavid157.jpg,2013-01-09 00:02:32.842000,2017-06-01 06:26:51.904000
GAL000378,Brandon Beach,Brandon,,Beach,,,True,ga,upper,21,Republican,http://www.senate.ga.gov/SiteCollectionImages/BeachBrandon840.jpg,2013-01-11 00:02:20.919000,2017-06-01 06:26:51.935000
GAL000379,Mike Dugan,Mike,,Dugan,,,True,ga,upper,30,Republican,http://www.senate.ga.gov/SiteCollectionImages/DuganMike839.jpg,2013-01-11 00:02:21.019000,2017-06-01 06:26:51.930000
GAL000382,Dean Burke,Dean,,Burke,,,True,ga,upper,11,Republican,http://www.senate.ga.gov/SiteCollectionImages/BurkeDean841.jpg,2013-02-12 00:13:15.620000,2017-06-01 06:26:51.170000
GAL000387,Bruce Thompson,Bruce,,Thompson,,,True,ga,upper,14,Republican,http://www.senate.ga.gov/SiteCollectionImages/ThompsonBruce844.jpg,2013-12-05 22:56:37.165000,2017-06-01 06:26:52.031000
GAL000396,Michael 'Doc' Rhett,Michael 'Doc',,Rhett,,,True,ga,upper,33,Democratic,http://www.senate.ga.gov/SiteCollectionImages/RhettMichael 'Doc'855.jpg,2015-01-06 21:49:52.720000,2017-06-01 06:26:52.038000
GAL000398,Marty Harbin,Marty,,Harbin,,,True,ga,upper,16,Republican,http://www.senate.ga.gov/SiteCollectionImages/HarbinMarty850.jpg,2015-01-06 21:49:53.137000,2017-06-01 06:26:51.945000
GAL000400,John F. Kennedy,John,,Kennedy,,,True,ga,upper,18,Republican,http://www.senate.ga.gov/SiteCollectionImages/KennedyJohn852.jpg,2015-01-06 21:49:53.323000,2017-06-01 06:26:52.051000
GAL000403,Michael Williams,Michael,,Williams,,,True,ga,upper,27,Republican,http://www.senate.ga.gov/SiteCollectionImages/WilliamsMichael856.jpg,2015-01-06 21:49:53.450000,2017-06-01 06:26:52.043000
GAL000404,Greg Kirk,Greg,,Kirk,,,True,ga,upper,13,Republican,http://www.senate.ga.gov/SiteCollectionImages/KirkGreg853.jpg,2015-01-06 21:49:53.557000,2017-06-01 06:26:51.781000
GAL000411,P. K. Martin IV,P. K.,,Martin IV,,,True,ga,upper,9,Republican,http://www.senate.ga.gov/SiteCollectionImages/Martin IVP. K.854.jpg,2015-01-06 21:49:54.195000,2017-06-01 06:26:51.914000
GAL000414,Harold V. Jones II,Harold,,Jones II,,,True,ga,upper,22,Democratic,http://www.senate.ga.gov/SiteCollectionImages/Jones IIHarold851.jpg,2015-01-06 21:49:54.423000,2017-06-01 06:26:51.802000
GAL000438,Larry Walker III,Larry,,Walker III,,,True,ga,upper,20,Republican,http://www.senate.ga.gov/SiteCollectionImages/Walker IIILawrence4878.jpg,2016-01-05 06:53:29.040000,2017-06-01 06:26:10.206000
GAL000443,Lee Anderson,Lee,,Anderson,,,True,ga,upper,24,Republican,http://www.senate.ga.gov/SiteCollectionImages/AndersonLee723.jpg,2016-12-27 23:52:22.746000,2017-06-01 06:26:51.287000
GAL000444,Blake Tillery,Blake,,Tillery,,,True,ga,upper,19,Republican,http://www.senate.ga.gov/SiteCollectionImages/TilleryBlake4908.jpg,2016-12-27 23:52:22.802000,2017-06-01 06:26:51.800000
GAL000458,Tonya Anderson,Tonya,,Anderson,,,True,ga,upper,43,Democratic,http://www.senate.ga.gov/SiteCollectionImages/AndersonTonya807.jpg,2016-12-27 23:52:23.542000,2017-06-01 06:26:51.538000
GAL000469,Matt Brass,Matt,,Brass,,,True,ga,upper,28,Republican,http://www.senate.ga.gov/SiteCollectionImages/BrassMatt4907.jpg,2016-12-27 23:52:23.942000,2017-06-01 06:26:51.963000
GAL000475,Chuck Payne,Chuck,,Payne,,,True,ga,upper,54,Republican,http://www.senate.ga.gov/SiteCollectionImages/Payne Chuck 4909.jpg,2017-01-18 05:14:43.404000,2017-06-01 06:26:51.628000
