leg_id,full_name,first_name,middle_name,last_name,suffixes,nickname,active,state,chamber,district,party,photo_url,created_at,updated_at
HIL000002,Suzanne Chun Oakland,Suzanne Chun,,Oakland,,,False,hi,,,,http://capitol.hawaii.gov//Members/Images/RepSenPhotos/chun_oakland.jpg,2011-05-04 16:48:14.569000,2017-01-07 09:01:35.535000
HIL000006,Carol Fukunaga,Carol,,Fukunaga,,,False,hi,,,,http://capitol.hawaii.gov//Members/Images/RepSenPhotos/fukunaga.jpg,2011-05-04 16:48:14.576000,2013-01-09 00:02:44.459000
HIL000010,Clayton Hee,Clayton,,Hee,,,False,hi,,,,http://capitol.hawaii.gov//Members/Images/RepSenPhotos/hee.jpg,2011-05-04 16:48:14.594000,2014-11-10 15:02:24.249000
HIL000011,David Y. Ige,David Y.,,Ige,,,False,hi,,,,http://capitol.hawaii.gov//Members/Images/RepSenPhotos/ige.jpg,2011-05-04 16:48:14.608000,2014-11-10 15:02:06.471000
HIL000013,Gilbert Kahele,Gilbert,,Kahele,,,False,hi,,,,http://capitol.hawaii.gov//Members/Images/RepSenPhotos/kahele.jpg,2011-05-04 16:48:14.612000,2016-03-17 21:23:50.566000
HIL000018,Pohai Ryan,Pohai,,Ryan,,,False,hi,,,,http://capitol.hawaii.gov//Members/Images/RepSenPhotos/ryan.jpg,2011-05-04 16:48:14.621000,2013-01-09 00:02:44.470000
HIL000020,Sam Slom,Sam,,Slom,,,False,hi,,,,http://capitol.hawaii.gov//Members/Images/RepSenPhotos/slom.jpg,2011-05-04 16:48:14.636000,2017-01-07 09:01:35.533000
HIL000021,Malama Solomon,Malama,,Solomon,,,False,hi,,,,http://capitol.hawaii.gov//Members/Images/RepSenPhotos/solomon.jpg,2011-05-04 16:48:14.638000,2014-11-10 15:00:44.979000
HIL000024,Shan S. Tsutsui,Shan S.,,Tsutsui,,,False,hi,,,,http://capitol.hawaii.gov//Members/Images/RepSenPhotos/tsutsui.jpg,2011-05-04 16:48:14.644000,2013-01-09 00:02:44.477000
HIL000027,Karen L. Awana,Karen,,Awana,,,False,hi,,,,http://capitol.hawaii.gov//Members/Images/RepSenPhotos/awana.jpg,2011-05-04 16:48:14.674000,2014-11-10 15:06:01.591000
HIL000030,Rida T.R. Cabanilla,Rida T.R.,,Cabanilla,,,False,hi,,,,http://capitol.hawaii.gov//Members/Images/RepSenPhotos/cabanilla.jpg,2011-05-04 16:48:14.731000,2014-11-10 15:05:54.254000
HIL000031,Mele Carroll,Mele,,Carroll,,,False,hi,,,,http://capitol.hawaii.gov//Members/Images/RepSenPhotos/carroll.jpg,2011-05-04 16:48:14.733000,2015-03-06 20:40:18.656000
HIL000032,Jerry L. Chang,Jerry L.,,Chang,,,False,hi,,,,http://capitol.hawaii.gov//Members/Images/RepSenPhotos/chang.jpg,2011-05-04 16:48:14.734000,2013-01-09 00:02:44.424000
HIL000033,Corinne W.L. Ching,Corinne W.L.,,Ching,,,False,hi,,,,http://capitol.hawaii.gov//Members/Images/RepSenPhotos/ching.jpg,2011-05-04 16:48:14.736000,2013-01-09 00:02:44.425000
HIL000034,Pono Chong,Pono,,Chong,,,False,hi,,,,http://capitol.hawaii.gov//Members/Images/RepSenPhotos/chong.jpg,2011-05-04 16:48:14.738000,2013-01-09 00:02:44.476000
HIL000036,Denny Coffman,Denny,,Coffman,,,False,hi,,,,http://capitol.hawaii.gov//Members/Images/RepSenPhotos/coffman.jpg,2011-05-04 16:48:14.756000,2014-01-13 14:47:34.438000
HIL000039,George R. Fontaine,George R.,,Fontaine,,,False,hi,,,,http://capitol.hawaii.gov//Members/Images/RepSenPhotos/fontaine.jpg,2011-05-04 16:48:14.769000,2013-01-09 00:02:44.429000
HIL000040,Faye P. Hanohano,Faye P.,,Hanohano,,,False,hi,,,,http://capitol.hawaii.gov//Members/Images/RepSenPhotos/hanohano.jpg,2011-05-04 16:48:14.771000,2014-11-10 15:05:06.751000
HIL000043,Robert N. Herkes,Robert N.,,Herkes,,,False,hi,,,,http://capitol.hawaii.gov//Members/Images/RepSenPhotos/herkes.jpg,2011-05-04 16:48:14.777000,2013-01-09 00:02:44.431000
HIL000047,Jo Jordan,Jo,,Jordan,,,False,hi,,,,http://capitol.hawaii.gov//Members/Images/RepSenPhotos/jordan.jpg,2011-05-04 16:48:14.784000,2017-01-07 09:01:35.527000
HIL000048,Derek S.K. Kawakami,Derek S.K.,,Kawakami,,,False,hi,,,,http://capitol.hawaii.gov//Members/Images/RepSenPhotos/kawakami.jpg,2011-05-04 16:48:14.786000,2017-01-07 09:01:35.524000
HIL000051,Marilyn B. Lee,Marilyn B.,,Lee,,,False,hi,,,,http://capitol.hawaii.gov//Members/Images/RepSenPhotos/lee.jpg,2011-05-04 16:48:14.791000,2013-01-09 00:02:44.436000
HIL000053,Joey Manahan,Joey,,Manahan,,,False,hi,,,,http://capitol.hawaii.gov//Members/Images/RepSenPhotos/manahan.jpg,2011-05-04 16:48:14.796000,2013-01-09 00:02:44.438000
HIL000054,Barbara C. Marumoto,Barbara C.,,Marumoto,,,False,hi,,,,http://capitol.hawaii.gov//Members/Images/RepSenPhotos/marumoto.jpg,2011-05-04 16:48:14.798000,2013-01-09 00:02:44.439000
HIL000060,Blake K. Oshiro,Blake,K.,Oshiro,,,False,hi,,,,http://www.capitol.hawaii.gov/session2011/Members/Images/RepSenPhotos/b_oshiro.jpg,2011-05-04 16:48:14.815000,2012-06-01 18:42:18.896000
HIL000062,Kymberly Marcos Pine,Kymberly Marcos,,Pine,,,False,hi,,,,http://capitol.hawaii.gov//Members/Images/RepSenPhotos/pine.jpg,2011-05-04 16:48:14.836000,2013-01-09 00:02:44.443000
HIL000063,Karl Rhoads,Karl,,Rhoads,,,False,hi,,,,http://capitol.hawaii.gov//Members/Images/RepSenPhotos/rhoads.jpg,2011-05-04 16:48:14.837000,2017-01-07 09:01:35.528000
HIL000068,K. Mark Takai,K. Mark,,Takai,,,False,hi,,,,http://capitol.hawaii.gov//Members/Images/RepSenPhotos/takai.jpg,2011-05-04 16:48:14.846000,2014-11-10 15:05:29.858000
HIL000072,Clift Tsuji,Clift,,Tsuji,,,False,hi,,,,http://capitol.hawaii.gov//Members/Images/RepSenPhotos/tsuji.jpg,2011-05-04 16:48:14.854000,2017-01-07 09:01:35.522000
HIL000074,Jessica Wooley,Jessica,,Wooley,,,False,hi,,,,http://capitol.hawaii.gov//Members/Images/RepSenPhotos/wooley.jpg,2011-05-04 16:48:14.858000,2014-11-10 15:06:33.225000
HIL000078,Hermina M. Morita,Hermina,M.,Morita,,,False,hi,,,,http://www.capitol.hawaii.gov/session2011/Members/Images/RepSenPhotos/morita.jpg,2011-10-20 01:29:27.471000,2012-02-03 20:10:12.101000
HIL000080,Tom Okamura,Tom,,Okamura,,,False,hi,,,,http://capitol.hawaii.gov//Members/Images/RepSenPhotos/okamura.jpg,2012-01-27 03:45:59.958000,2012-06-01 18:41:44.838000
HIL000081,Heather Giugni,Heather,,Giugni,,,False,hi,,,,http://capitol.hawaii.gov//Members/Images/RepSenPhotos/giugni.jpg,2012-02-19 01:39:21.943000,2013-01-09 00:02:44.452000
HIL000107,Richard Lee Fale,Richard Lee,,Fale,,,False,hi,,,,http://capitol.hawaii.gov//Members/Images/RepSenPhotos/fale.jpg,2013-01-09 00:02:44.027000,2014-11-10 15:06:24.236000
HIL000108,Beth Fukumoto,Beth,,Fukumoto,,,False,hi,,,,http://capitol.hawaii.gov//Members/Images/RepSenPhotos/fukumoto.jpg,2013-01-09 00:02:44.032000,2015-01-21 20:41:37.954000
HIL000197,Richard Creagan,Richard,,Creagan,,,False,hi,,,,http://capitol.hawaii.gov//Members/Images/RepSenPhotos/creagan.jpg,2014-01-11 01:12:26.927000,2015-01-21 20:41:37.967000
HIL000198,Sam Kong,Sam,,Kong,,,False,hi,,,,http://capitol.hawaii.gov//Members/Images/RepSenPhotos/,2014-11-06 06:38:58.188000,2015-01-21 20:41:37.947000
HIL000199,Jarrett K. Keohokalole,Jarrett K.,,Keohokalole,,,False,hi,,,,http://capitol.hawaii.gov//Members/Images/RepSenPhotos/Keohokalole.jpg,2014-11-06 06:38:58.352000,2015-01-21 20:41:37.965000
HIL000201,Matthew LoPresti,Matthew,,LoPresti,,,False,hi,,,,http://capitol.hawaii.gov//Members/Images/RepSenPhotos/,2014-11-06 06:38:58.507000,2015-01-21 20:41:37.958000
HIL000203,Feki Pouha,Feki,,Pouha,,,False,hi,,,,http://capitol.hawaii.gov//Members/Images/RepSenPhotos/pouha.jpg,2014-11-06 06:38:58.543000,2017-01-07 09:01:35.526000
HIL000207,Sam S. Kong,Sam S.,,Kong,,,False,hi,,,,http://capitol.hawaii.gov//Members/Images/RepSenPhotos/,2014-11-22 06:48:37.890000,2015-01-21 20:41:37.952000
HIL000213,Beth Fukumoto Chang,Beth Fukumoto,,Chang,,,False,hi,,,,http://capitol.hawaii.gov//Members/Images/RepSenPhotos/fukumoto.jpg,2015-01-21 20:41:37.305000,2017-01-07 09:01:35.519000
HIL000026,Henry J.C. Aquino,Henry J.C.,,Aquino,,,True,hi,lower,38,Democratic,http://capitol.hawaii.gov//Members/Images/RepSenPhotos/aquino.jpg,2011-05-04 16:48:14.672000,2017-06-01 10:16:27.835000
HIL000028,Della Au Belatti,Della Au,,Belatti,,,True,hi,lower,24,Democratic,http://capitol.hawaii.gov//Members/Images/RepSenPhotos/belatti.jpg,2011-05-04 16:48:14.727000,2017-06-01 10:16:28.212000
HIL000029,Tom Brower,Tom,,Brower,,,True,hi,lower,22,Democratic,http://capitol.hawaii.gov//Members/Images/RepSenPhotos/brower.jpg,2011-05-04 16:48:14.729000,2017-06-01 10:16:28.204000
HIL000035,Isaac W. Choy,Isaac W.,,Choy,,,True,hi,lower,23,Democratic,http://capitol.hawaii.gov//Members/Images/RepSenPhotos/choy.jpg,2011-05-04 16:48:14.740000,2017-06-01 10:16:28.056000
HIL000037,Ty Cullen,Ty J.K.,,Cullen,,,True,hi,lower,39,Democratic,http://capitol.hawaii.gov//Members/Images/RepSenPhotos/cullen.jpg,2011-05-04 16:48:14.757000,2017-06-01 10:16:28.059000
HIL000038,Cindy Evans,Cindy,,Evans,,,True,hi,lower,7,Democratic,http://capitol.hawaii.gov//Members/Images/RepSenPhotos/evans.jpg,2011-05-04 16:48:14.768000,2017-06-01 10:16:28.024000
HIL000041,Sharon E. Har,Sharon E.,,Har,,,True,hi,lower,42,Democratic,http://capitol.hawaii.gov//Members/Images/RepSenPhotos/har.jpg,2011-05-04 16:48:14.773000,2017-06-01 10:16:28.254000
HIL000042,Mark J. Hashem,Mark J.,,Hashem,,,True,hi,lower,18,Democratic,http://capitol.hawaii.gov//Members/Images/RepSenPhotos/hashem.jpg,2011-05-04 16:48:14.775000,2017-06-01 10:16:28.244000
HIL000044,Linda Ichiyama,Linda,,Ichiyama,,,True,hi,lower,32,Democratic,http://capitol.hawaii.gov//Members/Images/RepSenPhotos/ichiyama.jpg,2011-05-04 16:48:14.779000,2017-06-01 10:16:27.976000
HIL000045,Ken Ito,Ken,,Ito,,,True,hi,lower,49,Democratic,http://capitol.hawaii.gov//Members/Images/RepSenPhotos/ito.jpg,2011-05-04 16:48:14.780000,2017-06-01 10:16:27.901000
HIL000046,Aaron Ling Johanson,Aaron Ling,,Johanson,,,True,hi,lower,31,Democratic,http://capitol.hawaii.gov//Members/Images/RepSenPhotos/johanson.jpg,2011-05-04 16:48:14.782000,2017-06-01 10:16:28.201000
HIL000050,Chris Lee,Chris,,Lee,,,True,hi,lower,51,Democratic,http://capitol.hawaii.gov//Members/Images/RepSenPhotos/cklee.jpg,2011-05-04 16:48:14.790000,2017-06-01 10:16:28.207000
HIL000052,Sylvia Luke,Sylvia,,Luke,,,True,hi,lower,25,Democratic,http://capitol.hawaii.gov//Members/Images/RepSenPhotos/luke.jpg,2011-05-04 16:48:14.793000,2017-06-01 10:16:28.050000
HIL000055,Angus L.K. McKelvey,Angus L.K.,,McKelvey,,,True,hi,lower,10,Democratic,http://capitol.hawaii.gov//Members/Images/RepSenPhotos/mckelvey.jpg,2011-05-04 16:48:14.799000,2017-06-01 10:16:28.241000
HIL000056,John M. Mizuno,John M.,,Mizuno,,,True,hi,lower,28,Democratic,http://capitol.hawaii.gov//Members/Images/RepSenPhotos/mizuno.jpg,2011-05-04 16:48:14.801000,2017-06-01 10:16:28.027000
HIL000057,Dee Morikawa,Dee,,Morikawa,,,True,hi,lower,16,Democratic,http://capitol.hawaii.gov//Members/Images/RepSenPhotos/morikawa.jpg,2011-05-04 16:48:14.803000,2017-06-01 10:16:28.215000
HIL000058,Mark M. Nakashima,Mark M.,,Nakashima,,,True,hi,lower,1,Democratic,http://capitol.hawaii.gov//Members/Images/RepSenPhotos/nakashima.jpg,2011-05-04 16:48:14.805000,2017-06-01 10:16:28.220000
HIL000059,Scott Y. Nishimoto,Scott Y.,,Nishimoto,,,True,hi,lower,21,Democratic,http://capitol.hawaii.gov//Members/Images/RepSenPhotos/nishimoto.jpg,2011-05-04 16:48:14.813000,2017-06-01 10:16:28.224000
HIL000061,Marcus R. Oshiro,Marcus R.,,Oshiro,,,True,hi,lower,46,Democratic,http://capitol.hawaii.gov//Members/Images/RepSenPhotos/m_oshiro.jpg,2011-05-04 16:48:14.834000,2017-06-01 10:16:28.217000
HIL000065,Scott K. Saiki,Scott K.,,Saiki,,,True,hi,lower,26,Democratic,http://capitol.hawaii.gov//Members/Images/RepSenPhotos/saiki.jpg,2011-05-04 16:48:14.841000,2017-06-01 10:16:28.019000
HIL000066,Calvin K.Y. Say,Calvin K.Y.,,Say,,,True,hi,lower,20,Democratic,http://capitol.hawaii.gov//Members/Images/RepSenPhotos/say.jpg,2011-05-04 16:48:14.843000,2017-06-01 10:16:27.973000
HIL000067,Joseph M. Souki,Joseph M.,,Souki,,,True,hi,lower,8,Democratic,http://capitol.hawaii.gov//Members/Images/RepSenPhotos/souki.jpg,2011-05-04 16:48:14.844000,2017-06-01 10:15:11.365000
HIL000069,Roy M. Takumi,Roy M.,,Takumi,,,True,hi,lower,35,Democratic,http://capitol.hawaii.gov//Members/Images/RepSenPhotos/takumi.jpg,2011-05-04 16:48:14.848000,2017-06-01 10:16:27.827000
HIL000070,Cynthia Thielen,Cynthia,,Thielen,,,True,hi,lower,50,Republican,http://capitol.hawaii.gov//Members/Images/RepSenPhotos/thielen.jpg,2011-05-04 16:48:14.850000,2017-06-01 10:16:28.227000
HIL000071,James Kunane Tokioka,James Kunane,,Tokioka,,,True,hi,lower,15,Democratic,http://capitol.hawaii.gov//Members/Images/RepSenPhotos/tokioka.jpg,2011-05-04 16:48:14.852000,2017-06-01 10:16:28.064000
HIL000073,Gene Ward,Gene,,Ward,,,True,hi,lower,17,Republican,http://capitol.hawaii.gov//Members/Images/RepSenPhotos/ward.jpg,2011-05-04 16:48:14.856000,2017-06-01 10:16:28.079000
HIL000075,Ryan I. Yamane,Ryan I.,,Yamane,,,True,hi,lower,37,Democratic,http://capitol.hawaii.gov//Members/Images/RepSenPhotos/yamane.jpg,2011-05-04 16:48:14.860000,2017-06-01 10:16:27.986000
HIL000076,Kyle T. Yamashita,Kyle T.,,Yamashita,,,True,hi,lower,12,Democratic,http://capitol.hawaii.gov//Members/Images/RepSenPhotos/yamashita.jpg,2011-05-04 16:48:14.861000,2017-06-01 10:16:28.076000
HIL000102,Romy M. Cachola,Romy M.,,Cachola,,,True,hi,lower,30,Democratic,http://capitol.hawaii.gov//Members/Images/RepSenPhotos/cachola.jpg,2013-01-09 00:02:43.986000,2017-06-01 10:16:28.069000
HIL000103,Lauren Kealohilani Matsumoto,Lauren Kealohilani,,Matsumoto,,,True,hi,lower,45,Republican,http://capitol.hawaii.gov//Members/Images/RepSenPhotos/matsumoto.jpg,2013-01-09 00:02:43.998000,2017-06-01 10:16:28.236000
HIL000111,Kaniela Ing,Kaniela,,Ing,,,True,hi,lower,11,Democratic,http://capitol.hawaii.gov//Members/Images/RepSenPhotos/ing.jpg,2013-01-09 00:02:44.062000,2017-06-01 10:16:28.234000
HIL000115,Bertrand Kobayashi,Bertrand,,Kobayashi,,,True,hi,lower,19,Democratic,http://capitol.hawaii.gov//Members/Images/RepSenPhotos/kobayashi.jpg,2013-01-09 00:02:44.110000,2017-06-01 10:16:28.155000
HIL000116,Nicole E. Lowen,Nicole E.,,Lowen,,,True,hi,lower,6,Democratic,http://capitol.hawaii.gov//Members/Images/RepSenPhotos/lowen.jpg,2013-01-09 00:02:44.123000,2017-06-01 10:16:28.088000
HIL000118,Bob McDermott,Bob,,McDermott,,,True,hi,lower,40,Republican,http://capitol.hawaii.gov//Members/Images/RepSenPhotos/mcdermott.jpg,2013-01-09 00:02:44.134000,2017-06-01 10:16:28.222000
HIL000120,Takashi Ohno,Takashi,,Ohno,,,True,hi,lower,27,Democratic,http://capitol.hawaii.gov//Members/Images/RepSenPhotos/ohno.jpg,2013-01-09 00:02:44.172000,2017-06-01 10:16:28.246000
HIL000121,Richard H.K. Onishi,Richard H.K.,,Onishi,,,True,hi,lower,3,Democratic,http://capitol.hawaii.gov//Members/Images/RepSenPhotos/onishi.jpg,2013-01-09 00:02:44.178000,2017-06-01 10:16:28.239000
HIL000126,Gregg Takayama,Gregg,,Takayama,,,True,hi,lower,34,Democratic,http://capitol.hawaii.gov//Members/Images/RepSenPhotos/takayama.jpg,2013-01-09 00:02:44.221000,2017-06-01 10:16:28.134000
HIL000130,Justin H. Woodson,Justin H.,,Woodson,,,True,hi,lower,9,Democratic,http://capitol.hawaii.gov//Members/Images/RepSenPhotos/woodson.jpg,2013-01-19 00:02:40.748000,2017-06-01 10:16:28.251000
HIL000204,Joy A. San Buenaventura,Joy A. San,,Buenaventura,,,True,hi,lower,4,Democratic,http://capitol.hawaii.gov//Members/Images/RepSenPhotos/sanbuenaventura.jpg,2014-11-06 06:38:58.611000,2017-06-01 10:16:28.209000
HIL000206,Andria P.L. Tupola,Andria P.L.,,Tupola,,,True,hi,lower,43,Republican,http://capitol.hawaii.gov//Members/Images/RepSenPhotos/tupola.jpg,2014-11-06 06:38:58.691000,2017-06-01 10:16:28.163000
HIL000208,Jarrett Keohokalole,Jarrett,,Keohokalole,,,True,hi,lower,48,Democratic,http://capitol.hawaii.gov//Members/Images/RepSenPhotos/keohokalole.jpg,2014-12-02 06:40:11.157000,2017-06-01 10:16:28.061000
HIL000210,Matthew S. LoPresti,Matthew S.,,LoPresti,,,True,hi,lower,41,Democratic,http://capitol.hawaii.gov//Members/Images/RepSenPhotos/lopresti.jpg,2014-12-02 06:40:11.388000,2017-06-01 10:16:28.137000
HIL000211,Sam Satoru Kong,Sam Satoru,,Kong,,,True,hi,lower,33,Democratic,http://capitol.hawaii.gov//Members/Images/RepSenPhotos/kong.jpg,2014-12-02 06:40:11.407000,2017-06-01 10:16:27.988000
HIL000212,Richard P. Creagan,Richard P.,,Creagan,,,True,hi,lower,5,Democratic,http://capitol.hawaii.gov//Members/Images/RepSenPhotos/creagan.jpg,2015-01-21 20:41:36.748000,2017-06-01 10:16:28.249000
HIL000215,Lynn DeCoite,Lynn,,DeCoite,,,True,hi,lower,13,Democratic,http://capitol.hawaii.gov//Members/Images/RepSenPhotos/decoite.jpg,2015-02-21 05:56:50.316000,2017-06-01 10:16:28.139000
HIL000220,Daniel Holt,Daniel,,Holt,,,True,hi,lower,29,Democratic,http://capitol.hawaii.gov//Members/Images/RepSenPhotos/d_holt.jpg,2017-01-07 09:01:34.993000,2017-06-01 10:16:28.074000
HIL000222,Sean Quinlan,Sean,,Quinlan,,,True,hi,lower,47,Democratic,http://capitol.hawaii.gov//Members/Images/RepSenPhotos/quinlan.jpg,2017-01-07 09:01:35.177000,2017-06-01 10:16:28.086000
HIL000223,Nadine K. Nakamura,Nadine K.,,Nakamura,,,True,hi,lower,14,Democratic,http://capitol.hawaii.gov//Members/Images/RepSenPhotos/nakamura.jpg,2017-01-07 09:01:35.212000,2017-06-01 10:16:28.084000
HIL000224,Chris Todd,Chris,,Todd,,,True,hi,lower,2,Democratic,http://capitol.hawaii.gov//Members/Images/RepSenPhotos/todd.jpg,2017-01-07 09:01:35.253000,2017-06-01 10:16:28.160000
HIL000225,Cedric Asuega Gates,Cedric Asuega,,Gates,,,True,hi,lower,44,Democratic,http://capitol.hawaii.gov//Members/Images/RepSenPhotos/gates.jpg,2017-01-07 09:01:35.318000,2017-06-01 10:16:28.141000
HIL000226,Beth Fukumoto,Beth,,Fukumoto,,,True,hi,lower,36,Republican,http://capitol.hawaii.gov//Members/Images/RepSenPhotos/fukumoto.jpg,2017-01-07 09:01:35.335000,2017-06-01 10:16:28.022000
HIL000001,Rosalyn H. Baker,Rosalyn H.,,Baker,,,True,hi,upper,6,Democratic,http://capitol.hawaii.gov//Members/Images/RepSenPhotos/baker.jpg,2011-05-04 16:48:14.544000,2017-06-01 10:16:27.887000
HIL000003,Donovan M. Dela Cruz,Donovan M. Dela,,Cruz,,,True,hi,upper,22,Democratic,http://capitol.hawaii.gov//Members/Images/RepSenPhotos/dela_cruz.jpg,2011-05-04 16:48:14.571000,2017-06-01 10:16:28.176000
HIL000004,J. Kalani English,J. Kalani,,English,,,True,hi,upper,7,Democratic,http://capitol.hawaii.gov//Members/Images/RepSenPhotos/english.jpg,2011-05-04 16:48:14.573000,2017-06-01 10:16:28.193000
HIL000005,Will Espero,Will,,Espero,,,True,hi,upper,19,Democratic,http://capitol.hawaii.gov//Members/Images/RepSenPhotos/espero.jpg,2011-05-04 16:48:14.575000,2017-06-01 10:16:27.845000
HIL000007,Mike Gabbard,Mike,,Gabbard,,,True,hi,upper,20,Democratic,http://capitol.hawaii.gov//Members/Images/RepSenPhotos/gabbard.jpg,2011-05-04 16:48:14.585000,2017-06-01 10:16:28.042000
HIL000008,Brickwood Galuteria,Brickwood,,Galuteria,,,True,hi,upper,12,Democratic,http://capitol.hawaii.gov//Members/Images/RepSenPhotos/galuteria.jpg,2011-05-04 16:48:14.587000,2017-06-01 10:16:28.185000
HIL000009,Josh Green,Josh,,Green,,,True,hi,upper,3,Democratic,http://capitol.hawaii.gov//Members/Images/RepSenPhotos/green.jpg,2011-05-04 16:48:14.591000,2017-06-01 10:16:28.190000
HIL000012,Les Ihara,Les,,Ihara,,,True,hi,upper,10,Democratic,http://capitol.hawaii.gov//Members/Images/RepSenPhotos/ihara.jpg,2011-05-04 16:48:14.610000,2017-06-01 10:16:27.884000
HIL000014,Michelle Kidani,Michelle N.,,Kidani,,,True,hi,upper,18,Democratic,http://capitol.hawaii.gov//Members/Images/RepSenPhotos/kidani.jpg,2011-05-04 16:48:14.613000,2017-06-01 10:16:27.850000
HIL000015,Donna Mercado Kim,Donna Mercado,,Kim,,,True,hi,upper,14,Democratic,http://capitol.hawaii.gov//Members/Images/RepSenPhotos/kim.jpg,2011-05-04 16:48:14.615000,2017-06-01 10:16:28.188000
HIL000016,Ronald D. Kouchi,Ronald D.,,Kouchi,,,True,hi,upper,8,Democratic,http://capitol.hawaii.gov//Members/Images/RepSenPhotos/kouchi.jpg,2011-05-04 16:48:14.617000,2017-06-01 10:15:11.423000
HIL000017,Clarence K. Nishihara,Clarence K.,,Nishihara,,,True,hi,upper,17,Democratic,http://capitol.hawaii.gov//Members/Images/RepSenPhotos/nishihara.jpg,2011-05-04 16:48:14.619000,2017-06-01 10:16:27.882000
HIL000019,Maile S.L. Shimabukuro,Maile S.L.,,Shimabukuro,,,True,hi,upper,21,Democratic,http://capitol.hawaii.gov//Members/Images/RepSenPhotos/shimabukuro.jpg,2011-05-04 16:48:14.623000,2017-06-01 10:16:28.196000
HIL000022,Brian T. Taniguchi,Brian T.,,Taniguchi,,,True,hi,upper,11,Democratic,http://capitol.hawaii.gov//Members/Images/RepSenPhotos/taniguchi.jpg,2011-05-04 16:48:14.640000,2017-06-01 10:16:28.120000
HIL000023,Jill N. Tokuda,Jill N.,,Tokuda,,,True,hi,upper,24,Democratic,http://capitol.hawaii.gov//Members/Images/RepSenPhotos/tokuda.jpg,2011-05-04 16:48:14.641000,2017-06-01 10:16:27.730000
HIL000025,Glenn Wakai,Glenn,,Wakai,,,True,hi,upper,15,Democratic,http://capitol.hawaii.gov//Members/Images/RepSenPhotos/wakai.jpg,2011-05-04 16:48:14.670000,2017-06-01 10:16:28.105000
HIL000049,Gilbert S.C. Keith-Agaran,Gilbert S.C.,,Keith-Agaran,,,True,hi,upper,5,Democratic,http://capitol.hawaii.gov//Members/Images/RepSenPhotos/keith-agaran.jpg,2011-05-04 16:48:14.788000,2017-06-01 10:16:28.118000
HIL000064,Gil Riviere,Gil,,Riviere,,,True,hi,upper,23,Democratic,http://capitol.hawaii.gov//Members/Images/RepSenPhotos/riviere.jpg,2011-05-04 16:48:14.839000,2017-06-01 10:16:28.100000
HIL000092,Russell E. Ruderman,Russell E.,,Ruderman,,,True,hi,upper,2,Democratic,http://capitol.hawaii.gov//Members/Images/RepSenPhotos/ruderman.jpg,2013-01-09 00:02:43.906000,2017-06-01 10:16:27.765000
HIL000096,Laura H. Thielen,Laura H.,,Thielen,,,True,hi,upper,25,Democratic,http://capitol.hawaii.gov//Members/Images/RepSenPhotos/lthielen.jpg,2013-01-09 00:02:43.937000,2017-06-01 10:16:28.035000
HIL000200,Lorraine R. Inouye,Lorraine R.,,Inouye,,,True,hi,upper,4,Democratic,http://capitol.hawaii.gov//Members/Images/RepSenPhotos/inouye.jpg,2014-11-06 06:38:58.472000,2017-06-01 10:16:28.174000
HIL000202,Breene Harimoto,Breene,,Harimoto,,,True,hi,upper,16,Democratic,http://capitol.hawaii.gov//Members/Images/RepSenPhotos/harimoto.jpg,2014-11-06 06:38:58.535000,2017-06-01 10:16:28.171000
HIL000218,Kaiali‘i Kahele,Kaiali‘i,,Kahele,,,True,hi,upper,1,Democratic,http://capitol.hawaii.gov//Members/Images/RepSenPhotos/kkahele.jpg,2016-02-17 11:33:57.335000,2017-06-01 10:16:28.115000
HIL000221,Stanley Chang,Stanley,,Chang,,,True,hi,upper,9,Democratic,http://capitol.hawaii.gov//Members/Images/RepSenPhotos/schang.jpg,2017-01-07 09:01:35.113000,2017-06-01 10:16:27.710000
HIL000227,Karl Rhoads,Karl,,Rhoads,,,True,hi,upper,13,Democratic,http://capitol.hawaii.gov//Members/Images/RepSenPhotos/rhoads.jpg,2017-01-07 09:01:35.347000,2017-06-01 10:16:28.040000
